-- phpMyAdmin SQL Dump
-- version 5.0.1
-- https://www.phpmyadmin.net/
--
-- Host: 127.0.0.1
-- Waktu pembuatan: 21 Agu 2020 pada 05.59
-- Versi server: 10.4.11-MariaDB
-- Versi PHP: 7.4.2

SET SQL_MODE = "NO_AUTO_VALUE_ON_ZERO";
SET AUTOCOMMIT = 0;
START TRANSACTION;
SET time_zone = "+00:00";


/*!40101 SET @OLD_CHARACTER_SET_CLIENT=@@CHARACTER_SET_CLIENT */;
/*!40101 SET @OLD_CHARACTER_SET_RESULTS=@@CHARACTER_SET_RESULTS */;
/*!40101 SET @OLD_COLLATION_CONNECTION=@@COLLATION_CONNECTION */;
/*!40101 SET NAMES utf8mb4 */;

--
-- Database: `sarjanamudateknik.com`
--

-- --------------------------------------------------------

--
-- Struktur dari tabel `adjacency_groups`
--

CREATE TABLE `adjacency_groups` (
  `id` smallint(4) UNSIGNED NOT NULL,
  `name` varchar(100) COLLATE utf8_unicode_ci NOT NULL,
  `slug` varchar(100) COLLATE utf8_unicode_ci NOT NULL
) ENGINE=InnoDB DEFAULT CHARSET=utf8 COLLATE=utf8_unicode_ci;

--
-- Dumping data untuk tabel `adjacency_groups`
--

INSERT INTO `adjacency_groups` (`id`, `name`, `slug`) VALUES
(2, 'menuutama', 'menuutama'),
(3, 'Top Menu', 'top-menu'),
(4, 'Admin', 'admin'),
(5, 'products', 'products'),
(6, 'All Products', 'all-products'),
(7, 'products', 'products');

-- --------------------------------------------------------

--
-- Struktur dari tabel `adjacency_lists`
--

CREATE TABLE `adjacency_lists` (
  `id` mediumint(8) UNSIGNED NOT NULL,
  `name` varchar(100) CHARACTER SET utf8 NOT NULL,
  `url` varchar(100) COLLATE utf8_unicode_ci NOT NULL,
  `position` mediumint(8) UNSIGNED NOT NULL DEFAULT 100,
  `parent_id` mediumint(8) UNSIGNED NOT NULL DEFAULT 0,
  `group_id` smallint(4) UNSIGNED NOT NULL,
  `icon` varchar(20) COLLATE utf8_unicode_ci NOT NULL,
  `level` varchar(20) COLLATE utf8_unicode_ci NOT NULL,
  `code` text COLLATE utf8_unicode_ci NOT NULL
) ENGINE=InnoDB DEFAULT CHARSET=utf8 COLLATE=utf8_unicode_ci;

--
-- Dumping data untuk tabel `adjacency_lists`
--

INSERT INTO `adjacency_lists` (`id`, `name`, `url`, `position`, `parent_id`, `group_id`, `icon`, `level`, `code`) VALUES
(12, 'Home', 'https://www.sarjanamudateknik.com/', 1, 0, 2, 'fa-list', 'manager', ''),
(13, 'About', 'page/detail/about-us', 2, 0, 2, 'fa-plus-circle', 'manager', ''),
(24, 'Contact us', 'contact/detail/cv-sarjana-muda-teknik', 9, 0, 2, 'fa-plus-circle', 'manager', ''),
(25, 'Update', 'berita', 8, 0, 2, 'fa-list', 'manager', ''),
(29, 'Home', 'https://www.sarjanamudateknik.com/', 100, 0, 3, '', '', ''),
(30, 'About Us', 'page/detail/profil-perusahaan', 100, 0, 3, '', '', ''),
(31, 'Contact', 'contact/detail/multi-jaya-diesel', 100, 0, 3, 'fa-plus-circle', '', ''),
(32, 'Schedules', 'schedules', 100, 0, 3, '', '', ''),
(33, 'Navigation', 'navigation', 14, 0, 4, 'fa-bars', 'admin', ''),
(40, 'Latest News', 'news', 12, 0, 4, 'fa-newspaper', 'manager', 'berita'),
(42, 'Setting Website', 'settings', 16, 0, 4, 'fa-sliders-h', 'manager', ''),
(43, 'Contact us', 'contacts/edit_contact/1', 13, 0, 4, 'fa-phone', 'manager', ''),
(45, 'Pages', 'pages', 17, 0, 4, 'fa-file-alt', 'manager', 'page'),
(46, 'Dashboard', 'dashboard', 1, 0, 4, 'fa-tachometer', 'manager', ''),
(48, 'Pesan Masuk', 'data', 21, 0, 4, 'fa-envelope-open', 'manager', 'enquiry'),
(49, 'Slide', 'slide', 18, 0, 4, 'fa-image', 'manager', 'slide'),
(50, 'Clients', 'clients', 7, 0, 4, 'fa-address-card', 'manager', 'clients'),
(57, 'Categories', 'categories', 15, 0, 4, 'fa-plus-circle', 'admin', ''),
(59, 'Services', 'services', 5, 0, 2, 'fa-list', 'manager', ''),
(61, 'Services', 'services', 11, 0, 4, 'fa-cogs', 'manager', 'services'),
(82, 'Projects', 'projects', 8, 0, 4, 'fa-list-alt', 'manager', 'projects'),
(85, 'Menu', 'navigation/view/menuutama', 20, 0, 4, 'fa-bars', 'manager', ''),
(102, 'Profile', 'pages/edit_pages/1', 2, 0, 4, 'fa-list', 'manager', ''),
(108, 'Store', '#', 100, 0, 4, 'fa-list-alt', 'manager', ''),
(109, 'Video', 'https://www.sarjanamudateknik.com/page/detail/video', 4, 0, 2, 'fa-list-alt', 'manager', ''),
(115, 'Projects', 'projects', 3, 0, 2, 'fa-list-alt', 'manager', ''),
(117, 'Clients', 'clients', 7, 0, 2, 'fa-list-alt', 'manager', '');

-- --------------------------------------------------------

--
-- Struktur dari tabel `agenda`
--

CREATE TABLE `agenda` (
  `id_agenda` int(5) NOT NULL,
  `tema` varchar(100) COLLATE latin1_general_ci NOT NULL,
  `tema_seo` varchar(100) COLLATE latin1_general_ci NOT NULL,
  `isi_agenda` text COLLATE latin1_general_ci NOT NULL,
  `tempat` varchar(100) COLLATE latin1_general_ci NOT NULL,
  `pengirim` varchar(100) COLLATE latin1_general_ci NOT NULL,
  `tgl_mulai` date NOT NULL,
  `tgl_selesai` date NOT NULL,
  `tgl_posting` date NOT NULL,
  `jam` varchar(50) COLLATE latin1_general_ci NOT NULL,
  `username` varchar(50) COLLATE latin1_general_ci NOT NULL
) ENGINE=MyISAM DEFAULT CHARSET=latin1 COLLATE=latin1_general_ci;

-- --------------------------------------------------------

--
-- Struktur dari tabel `attachment`
--

CREATE TABLE `attachment` (
  `id` int(11) NOT NULL,
  `id_post` int(11) NOT NULL,
  `file_name` varchar(255) COLLATE utf8_unicode_ci NOT NULL,
  `uploaded_on` datetime NOT NULL,
  `status` enum('1','0') COLLATE utf8_unicode_ci NOT NULL DEFAULT '1' COMMENT '1=Active, 0=Inactive',
  `post_type` varchar(100) COLLATE utf8_unicode_ci NOT NULL
) ENGINE=InnoDB DEFAULT CHARSET=utf8 COLLATE=utf8_unicode_ci;

--
-- Dumping data untuk tabel `attachment`
--

INSERT INTO `attachment` (`id`, `id_post`, `file_name`, `uploaded_on`, `status`, `post_type`) VALUES
(6, 27, 'catalog_product.pdf', '2018-09-12 11:30:29', '1', 'products');

-- --------------------------------------------------------

--
-- Struktur dari tabel `berita`
--

CREATE TABLE `berita` (
  `id_berita` int(11) NOT NULL,
  `id_kategori` int(5) NOT NULL,
  `id_tag` varchar(100) COLLATE latin1_general_ci DEFAULT NULL,
  `username` varchar(30) COLLATE latin1_general_ci NOT NULL,
  `judul` varchar(200) COLLATE latin1_general_ci NOT NULL,
  `slug` varchar(200) COLLATE latin1_general_ci NOT NULL,
  `judul_seo` varchar(100) COLLATE latin1_general_ci NOT NULL,
  `headline` enum('Y','N') COLLATE latin1_general_ci NOT NULL DEFAULT 'Y',
  `isi_berita` text COLLATE latin1_general_ci DEFAULT NULL,
  `hari` varchar(20) COLLATE latin1_general_ci NOT NULL,
  `tanggal` datetime NOT NULL DEFAULT current_timestamp(),
  `jam` time NOT NULL,
  `gambar` varchar(200) COLLATE latin1_general_ci DEFAULT NULL,
  `dibaca` int(5) DEFAULT NULL,
  `berita_views` int(11) DEFAULT 0,
  `tag` varchar(100) COLLATE latin1_general_ci NOT NULL,
  `meta_title` varchar(200) COLLATE latin1_general_ci DEFAULT NULL,
  `meta_keywords` varchar(200) COLLATE latin1_general_ci DEFAULT NULL,
  `meta_description` varchar(200) COLLATE latin1_general_ci DEFAULT NULL,
  `id_categories` int(5) DEFAULT NULL
) ENGINE=MyISAM DEFAULT CHARSET=latin1 COLLATE=latin1_general_ci;

-- --------------------------------------------------------

--
-- Struktur dari tabel `berita_tagmap`
--

CREATE TABLE `berita_tagmap` (
  `id_tagmap` int(5) NOT NULL,
  `tags_id` int(5) NOT NULL,
  `id_berita` int(5) NOT NULL,
  `post_type` varchar(200) NOT NULL
) ENGINE=MyISAM DEFAULT CHARSET=latin1;

--
-- Dumping data untuk tabel `berita_tagmap`
--

INSERT INTO `berita_tagmap` (`id_tagmap`, `tags_id`, `id_berita`, `post_type`) VALUES
(1, 2, 16, 'berita');

-- --------------------------------------------------------

--
-- Struktur dari tabel `berita_tags`
--

CREATE TABLE `berita_tags` (
  `tags_id` int(5) NOT NULL,
  `tags_title` varchar(100) NOT NULL,
  `slug` varchar(200) NOT NULL,
  `updated_at` timestamp NOT NULL DEFAULT current_timestamp() ON UPDATE current_timestamp(),
  `created_at` datetime NOT NULL DEFAULT current_timestamp(),
  `tags_description` text DEFAULT NULL,
  `gambar` varchar(100) NOT NULL,
  `meta_title` varchar(200) CHARACTER SET utf8 NOT NULL,
  `meta_keywords` varchar(200) CHARACTER SET utf8 NOT NULL,
  `meta_description` varchar(200) NOT NULL
) ENGINE=InnoDB DEFAULT CHARSET=latin1;

--
-- Dumping data untuk tabel `berita_tags`
--

INSERT INTO `berita_tags` (`tags_id`, `tags_title`, `slug`, `updated_at`, `created_at`, `tags_description`, `gambar`, `meta_title`, `meta_keywords`, `meta_description`) VALUES
(1, '', '0', '2019-05-01 14:38:00', '2019-05-01 21:38:00', NULL, '', '', '', ''),
(2, 'sewa genset di jakarta', 'sewa-genset-di-jakarta', '2019-05-08 17:13:28', '2019-05-09 00:13:28', NULL, '', '', '', '');

-- --------------------------------------------------------

--
-- Struktur dari tabel `categories_groups`
--

CREATE TABLE `categories_groups` (
  `id` smallint(4) UNSIGNED NOT NULL,
  `name` varchar(100) COLLATE utf8_unicode_ci NOT NULL,
  `slug` varchar(100) COLLATE utf8_unicode_ci NOT NULL
) ENGINE=InnoDB DEFAULT CHARSET=utf8 COLLATE=utf8_unicode_ci;

--
-- Dumping data untuk tabel `categories_groups`
--

INSERT INTO `categories_groups` (`id`, `name`, `slug`) VALUES
(5, 'products', 'products'),
(6, 'Services', 'services'),
(7, 'Projects', 'projects'),
(8, 'clients', 'clients'),
(9, 'Berita', 'berita'),
(10, 'Gallery', 'gallery'),
(11, 'sertifikat', 'sertifikat'),
(12, 'departement', 'departement'),
(13, 'Jabatan', 'jabatan'),
(14, 'Pendidikan', 'pendidikan'),
(15, 'Jenis Kelamin', 'jenis-kelamin'),
(16, 'Agama', 'agama'),
(17, 'Status Karyawan', 'status-karyawan'),
(18, 'Histori Promosi', 'histori-promosi');

-- --------------------------------------------------------

--
-- Struktur dari tabel `categories_lists`
--

CREATE TABLE `categories_lists` (
  `id` mediumint(8) UNSIGNED NOT NULL,
  `name` varchar(50) CHARACTER SET utf8 NOT NULL,
  `slug` varchar(200) COLLATE utf8_unicode_ci NOT NULL,
  `position` mediumint(8) UNSIGNED NOT NULL DEFAULT 100,
  `parent_id` mediumint(8) UNSIGNED NOT NULL DEFAULT 0,
  `group_id` smallint(4) UNSIGNED NOT NULL,
  `icon` varchar(20) COLLATE utf8_unicode_ci NOT NULL,
  `gambar` varchar(100) COLLATE utf8_unicode_ci NOT NULL,
  `meta_title` varchar(200) COLLATE utf8_unicode_ci NOT NULL,
  `meta_keywords` varchar(200) COLLATE utf8_unicode_ci NOT NULL,
  `meta_description` varchar(200) COLLATE utf8_unicode_ci NOT NULL
) ENGINE=InnoDB DEFAULT CHARSET=utf8 COLLATE=utf8_unicode_ci;

-- --------------------------------------------------------

--
-- Struktur dari tabel `catmap`
--

CREATE TABLE `catmap` (
  `id_catmap` int(5) NOT NULL,
  `categories_id` int(5) NOT NULL,
  `id_post` int(5) NOT NULL,
  `post_type` varchar(100) NOT NULL
) ENGINE=MyISAM DEFAULT CHARSET=latin1;

-- --------------------------------------------------------

--
-- Struktur dari tabel `client`
--

CREATE TABLE `client` (
  `id_client` int(5) NOT NULL,
  `judul` varchar(100) NOT NULL,
  `slug` varchar(200) CHARACTER SET utf8 DEFAULT NULL,
  `isi_client` text NOT NULL,
  `tgl_posting` date NOT NULL,
  `gambar` varchar(100) NOT NULL,
  `meta_title` varchar(200) CHARACTER SET utf8 NOT NULL,
  `meta_keywords` varchar(200) CHARACTER SET utf8 NOT NULL,
  `meta_description` varchar(200) NOT NULL
) ENGINE=MyISAM DEFAULT CHARSET=latin1;

--
-- Dumping data untuk tabel `client`
--

INSERT INTO `client` (`id_client`, `judul`, `slug`, `isi_client`, `tgl_posting`, `gambar`, `meta_title`, `meta_keywords`, `meta_description`) VALUES
(20, 'Bostik - alpha Jaya Tehnik', 'bostik-alpha-jaya-tehnik', '', '2018-07-11', '29962058b3_1531300421_bostik_alpha_jaya_tehnik.png', '', '', ''),
(19, 'Basf Waterproofing_alpha Jaya Tehnik', 'basf-waterproofing_alpha-jaya-tehnik', '', '2018-07-11', '426bce2c34_1531300176_basf_waterproofing_alpha_jaya_tehnik.JPG', '', '', ''),
(21, 'Fosrog waterproofing  - alpha jaya tehnik', 'fosrog-waterproofing-alpha-jaya-tehnik', '', '2018-07-11', '8bdac4b7d1_1531300541_fosrog_waterproofing__alpha_jaya_tehnik.JPG', '', '', ''),
(23, 'Mapei waterproofing _alpha jaya tehnik', 'mapei-waterproofing-_alpha-jaya-tehnik', '', '2018-07-11', '816b7232e7_1531300609_mapei_waterproofing__alpha_jaya_tehnik.JPG', '', '', ''),
(24, 'Sika_alpha jaya tehnik', 'sika_alpha-jaya-tehnik', '', '2018-07-11', '5f1768d54f_1531300677_sika_alpha_jaya_tehnik.png', '', '', ''),
(25, 'Ultrachem waterproofing', 'ultrachem-waterproofing', '', '2018-07-11', 'acd1964ad3_1531300703_ultrachem_waterproofing.JPG', '', '', ''),
(26, 'Waterproofing Casali_alpha jaya tehnik', 'waterproofing-casali_alpha-jaya-tehnik', '', '2018-07-11', '24d209baa0_1531300724_waterproofing_casali_alpha_jaya_tehnik.JPG', '', '', ''),
(27, 'Waterproofing Pentens_alpha jaya tehnik', 'waterproofing-pentens_alpha-jaya-tehnik', '', '2018-08-25', 'e8364013e0_1535202348_IMG-20180423-WA0018.jpg', '', '', ''),
(28, 'Injeksi PU', 'injeksi-pu', '<p>sdasdad</p>', '2018-08-25', '73191c2871_1535202365_IMG-20180423-WA0022.jpg', '', '', '');

-- --------------------------------------------------------

--
-- Struktur dari tabel `clients`
--

CREATE TABLE `clients` (
  `id_clients` int(5) NOT NULL,
  `id_kategori` int(5) NOT NULL,
  `id_tag` varchar(100) CHARACTER SET utf8 NOT NULL,
  `id_brand` int(5) NOT NULL,
  `judul` varchar(100) CHARACTER SET utf8 NOT NULL,
  `slug` varchar(200) CHARACTER SET utf8 DEFAULT NULL,
  `isi_clients` text CHARACTER SET utf8 DEFAULT NULL,
  `created_time` datetime NOT NULL DEFAULT current_timestamp(),
  `gambar` varchar(100) CHARACTER SET utf8 DEFAULT NULL,
  `meta_title` varchar(200) CHARACTER SET utf8 DEFAULT NULL,
  `meta_keywords` varchar(200) CHARACTER SET utf8 DEFAULT NULL,
  `meta_description` varchar(200) CHARACTER SET utf8 DEFAULT NULL,
  `clients_views` int(11) DEFAULT 1,
  `username` varchar(100) CHARACTER SET utf8 DEFAULT NULL,
  `price` varchar(200) CHARACTER SET utf8 DEFAULT NULL,
  `id_categories` int(5) DEFAULT NULL
) ENGINE=MyISAM DEFAULT CHARSET=latin1;

--
-- Dumping data untuk tabel `clients`
--

INSERT INTO `clients` (`id_clients`, `id_kategori`, `id_tag`, `id_brand`, `judul`, `slug`, `isi_clients`, `created_time`, `gambar`, `meta_title`, `meta_keywords`, `meta_description`, `clients_views`, `username`, `price`, `id_categories`) VALUES
(5, 0, '', 0, 'MC Donald', 'mc-donald', '', '2020-08-21 08:21:55', 'a0db4ab533_1597972915_f44eecf0fa921427f4a4669fb8f69115.png', '', '', '', 1, 'admin', NULL, 0),
(2, 0, '', 0, 'Plaza Indonesia', 'plaza-indonesia', '', '2020-08-20 19:37:14', 'c0ba2c41e2_1597927034_1200px_Plaza_Indonesia_svg.png', '', '', '', 3, 'admin', NULL, 0),
(4, 0, '', 0, 'Mall Grand Indonesia', 'mall-grand-indonesia', '', '2020-08-21 08:21:02', '00f85b7c14_1597972862_Logo_GIST_300x149.png', 'Mall Grand Indonesia', '', '', 1, 'admin', NULL, 0),
(6, 0, '', 0, 'Mall Point Square', 'mall-point-square', '', '2020-08-21 08:23:33', '616f7f4ffd_1597973013_L4dgu_LOVNBsG07e_poins_square_1482325055_1.jpg', '', '', '', 1, 'admin', NULL, 0),
(7, 0, '', 0, 'Mall Cipinang Indah', 'mall-cipinang-indah', '', '2020-08-21 08:26:48', 'ef8f8fdcae_1597973208_yIO_RHqi_400x400.jpg', 'Mall Cipinang Indah', '', '', 1, 'admin', NULL, 0),
(8, 0, '', 0, 'Lippo Mall Kemang', 'lippo-mall-kemang', '', '2020-08-21 08:25:35', '55e41bf292_1597973135_lippomall_kemang.png', '', '', '', 1, 'admin', NULL, 0),
(9, 0, '', 0, 'Mall Puri Indah', 'mall-puri-indah', '', '2020-08-21 08:27:51', '8cd0fe966f_1597973271_Mall_Puri_Indah.png', '', '', '', 1, 'admin', NULL, 0),
(10, 0, '', 0, 'Rumah Sakit Pondok Indah, Jakarta', 'rumah-sakit-pondok-indah-jakarta', '', '2020-08-21 08:30:56', '7fa9602d1e_1597973456_Rumah_Sakit_Pondok_Indah__Jakarta.jpg', 'Rumah Sakit Pondok Indah, Jakarta', '', '', 1, 'admin', NULL, 0),
(11, 0, '', 0, 'Wali Kota Jakarta Selatan, Jakarta', 'wali-kota-jakarta-selatan-jakarta', '', '2020-08-21 08:33:14', '8ebeb4c670_1597973594_logo.png', '', '', '', 1, 'admin', NULL, 0),
(12, 0, '', 0, 'Kementrian kelautan & perikanan, Jakarta', 'kementrian-kelautan-perikanan-jakarta', '', '2020-08-21 08:35:29', '14a359c8c5_1597973729_Kementrian_kelautan___perikanan__Jakarta.png', '', '', '', 1, 'admin', NULL, 0),
(13, 0, '', 0, 'Kantor Kementerian dalam negeri , Jakarta', 'kantor-kementerian-dalam-negeri-jakarta', '', '2020-08-21 10:08:17', '1c8c2bd4ac_1597979297_Kantor_Kementerian_dalam_negeri___Jakarta.png', '', '', '', 1, 'admin', NULL, 0),
(14, 0, '', 0, 'MRT Jakarta', 'mrt-jakarta', '', '2020-08-21 10:09:32', 'eb808e481c_1597979372_1200px_MRT_Jakarta_logo_svg.png', '', '', '', 1, 'admin', NULL, 0);

-- --------------------------------------------------------

--
-- Struktur dari tabel `clients_tagmap`
--

CREATE TABLE `clients_tagmap` (
  `id_tagmap` int(5) NOT NULL,
  `tags_id` int(5) NOT NULL,
  `id_clients` int(5) NOT NULL,
  `post_type` varchar(200) NOT NULL
) ENGINE=MyISAM DEFAULT CHARSET=latin1;

-- --------------------------------------------------------

--
-- Struktur dari tabel `clients_tags`
--

CREATE TABLE `clients_tags` (
  `tags_id` int(5) NOT NULL,
  `tags_title` varchar(100) NOT NULL,
  `slug` varchar(200) NOT NULL,
  `updated_at` timestamp NOT NULL DEFAULT current_timestamp() ON UPDATE current_timestamp(),
  `created_at` timestamp NOT NULL DEFAULT '0000-00-00 00:00:00',
  `tags_description` text DEFAULT NULL,
  `gambar` varchar(100) NOT NULL,
  `meta_title` varchar(200) CHARACTER SET utf8 NOT NULL,
  `meta_keywords` varchar(200) CHARACTER SET utf8 NOT NULL,
  `meta_description` varchar(200) NOT NULL
) ENGINE=InnoDB DEFAULT CHARSET=latin1;

--
-- Dumping data untuk tabel `clients_tags`
--

INSERT INTO `clients_tags` (`tags_id`, `tags_title`, `slug`, `updated_at`, `created_at`, `tags_description`, `gambar`, `meta_title`, `meta_keywords`, `meta_description`) VALUES
(1, '', '0', '2020-08-20 12:34:18', '0000-00-00 00:00:00', NULL, '', '', '', '');

-- --------------------------------------------------------

--
-- Struktur dari tabel `contact`
--

CREATE TABLE `contact` (
  `id_contact` int(5) NOT NULL,
  `nama` varchar(100) NOT NULL,
  `slug` varchar(200) CHARACTER SET utf8 NOT NULL,
  `alamat` text NOT NULL,
  `phone` varchar(100) NOT NULL,
  `mobile` varchar(100) NOT NULL,
  `fax` varchar(100) NOT NULL,
  `email` varchar(100) NOT NULL,
  `link` varchar(200) NOT NULL,
  `lokasi` varchar(100) NOT NULL,
  `info` text NOT NULL,
  `tgl_posting` date NOT NULL,
  `gambar` varchar(100) NOT NULL,
  `meta_title` varchar(200) CHARACTER SET utf8 NOT NULL,
  `meta_keywords` varchar(200) CHARACTER SET utf8 NOT NULL,
  `meta_description` varchar(200) NOT NULL,
  `wa` varchar(100) DEFAULT NULL,
  `fb` varchar(100) DEFAULT NULL,
  `twitter` varchar(100) DEFAULT NULL,
  `ig` varchar(100) DEFAULT NULL,
  `gplus` varchar(100) DEFAULT NULL,
  `lin` varchar(100) DEFAULT NULL
) ENGINE=MyISAM DEFAULT CHARSET=latin1;

--
-- Dumping data untuk tabel `contact`
--

INSERT INTO `contact` (`id_contact`, `nama`, `slug`, `alamat`, `phone`, `mobile`, `fax`, `email`, `link`, `lokasi`, `info`, `tgl_posting`, `gambar`, `meta_title`, `meta_keywords`, `meta_description`, `wa`, `fb`, `twitter`, `ig`, `gplus`, `lin`) VALUES
(1, 'CV. SARJANA MUDA TEKNIK', 'cv-sarjana-muda-teknik', '<p>Komplek Poris Indah, jln. Galaxy Raya 17 Block G 25 No. 02 Cipondoh Tangerang</p>', '', '08111428423, 081367532301', '', 'info@sarjanamudateknik.com', 'https://sarjanamudateknik.com/', '-6.108126, 106.988767', '', '2020-08-20', 'f328846d84_1597826643_sarjanamudateknik_com.jpeg', '', '', '', '08111428423', '', '', 'https://instagram.com/cv.sarjana_muda_teknik', '', '');

-- --------------------------------------------------------

--
-- Struktur dari tabel `download`
--

CREATE TABLE `download` (
  `id_download` int(5) NOT NULL,
  `judul` varchar(100) COLLATE latin1_general_ci NOT NULL,
  `nama_file` varchar(100) COLLATE latin1_general_ci NOT NULL,
  `tgl_posting` date NOT NULL,
  `hits` int(3) NOT NULL
) ENGINE=MyISAM DEFAULT CHARSET=latin1 COLLATE=latin1_general_ci;

--
-- Dumping data untuk tabel `download`
--

INSERT INTO `download` (`id_download`, `judul`, `nama_file`, `tgl_posting`, `hits`) VALUES
(3, 'Membuat Shopping Cart dengan PHP', 'shopping cart.pdf', '2009-02-17', 3),
(5, 'Skrip Captcha', 'captcha.rar', '2009-02-06', 2),
(1, 'Kalender Tahun 2009', 'kalender2009.rar', '2009-02-06', 8),
(8, 'Wallpaper PHP', 'PHP_weapon.jpg', '2009-10-28', 4),
(9, 'Slide  Pemrograman VBA Excell', 'Excell_VBA.ppt', '2009-11-03', 9);

-- --------------------------------------------------------

--
-- Struktur dari tabel `enquiry`
--

CREATE TABLE `enquiry` (
  `id` int(5) NOT NULL,
  `name` varchar(50) COLLATE latin1_general_ci NOT NULL,
  `email` varchar(100) COLLATE latin1_general_ci NOT NULL,
  `phone` varchar(100) COLLATE latin1_general_ci NOT NULL,
  `subjek` varchar(100) COLLATE latin1_general_ci NOT NULL,
  `message` text COLLATE latin1_general_ci NOT NULL,
  `date` datetime NOT NULL DEFAULT current_timestamp()
) ENGINE=MyISAM DEFAULT CHARSET=latin1 COLLATE=latin1_general_ci;

--
-- Dumping data untuk tabel `enquiry`
--

INSERT INTO `enquiry` (`id`, `name`, `email`, `phone`, `subjek`, `message`, `date`) VALUES
(1, 'Ahmad Zulfikar', 'fikarcare4u@gmail.com', '87888370521', 'contoh email 2019', 'sds s da  sdsd  ', '2019-05-09 12:44:16');

-- --------------------------------------------------------

--
-- Struktur dari tabel `files`
--

CREATE TABLE `files` (
  `id` int(11) NOT NULL,
  `id_post` int(11) NOT NULL,
  `file_name` varchar(255) COLLATE utf8_unicode_ci NOT NULL,
  `uploaded_on` datetime NOT NULL,
  `status` enum('1','0') COLLATE utf8_unicode_ci NOT NULL DEFAULT '1' COMMENT '1=Active, 0=Inactive',
  `post_type` varchar(100) COLLATE utf8_unicode_ci NOT NULL
) ENGINE=InnoDB DEFAULT CHARSET=utf8 COLLATE=utf8_unicode_ci;

--
-- Dumping data untuk tabel `files`
--

INSERT INTO `files` (`id`, `id_post`, `file_name`, `uploaded_on`, `status`, `post_type`) VALUES
(1, 9, '695ff8d1c9_1536601890_fedea746cd0ecb257a1249d3a2a80bb1.jpg', '2018-09-10 19:51:30', '1', 'gallery'),
(2, 9, 'f5852ac8c5_1536601890_fedea746cd0ecb257a1249d3a2a80bb1_2.jpg', '2018-09-10 19:51:30', '1', 'gallery'),
(3, 9, '652445e35d_1536601890_fedea746cd0ecb257a1249d3a2a80bb1_3.jpg', '2018-09-10 19:51:30', '1', 'gallery'),
(4, 9, 'ed670e51ef_1536601890_fedea746cd0ecb257a1249d3a2a80bb1_4.jpg', '2018-09-10 19:51:30', '1', 'gallery'),
(5, 10, '7eda037591_1536603101_258ee2700b8562b5d51ebf2117179b3d.jpg', '2018-09-10 20:11:41', '1', 'gallery'),
(6, 10, 'a0b3e9355a_1536603101_258ee2700b8562b5d51ebf2117179b3d_2.jpg', '2018-09-10 20:11:41', '1', 'gallery'),
(7, 10, 'ae812e94bb_1536603101_258ee2700b8562b5d51ebf2117179b3d_3.jpg', '2018-09-10 20:11:41', '1', 'gallery'),
(8, 10, 'e74964011b_1536603101_258ee2700b8562b5d51ebf2117179b3d_4.jpg', '2018-09-10 20:11:41', '1', 'gallery'),
(9, 11, 'ed1392cb3b_1536717460_d0d354668f69293e040aa69de3140c78.jpg', '2018-09-12 03:57:40', '1', 'gallery'),
(10, 11, '57e8af5fe3_1536717460_d0d354668f69293e040aa69de3140c78_2.jpg', '2018-09-12 03:57:41', '1', 'gallery'),
(11, 11, '2ad07d4e5f_1536717461_d0d354668f69293e040aa69de3140c78_3.jpg', '2018-09-12 03:57:41', '1', 'gallery'),
(16, 1, 'ef60df818b_1536717777_45e8f4939bc3bd36e4b87ab1e324d227.jpg', '2018-09-12 04:02:57', '1', 'gallery'),
(17, 1, '19aa011124_1536717777_45e8f4939bc3bd36e4b87ab1e324d227_2.jpg', '2018-09-12 04:02:57', '1', 'gallery'),
(18, 1, '8cdff2e407_1536717777_45e8f4939bc3bd36e4b87ab1e324d227_3.jpg', '2018-09-12 04:02:57', '1', 'gallery'),
(19, 1, '0ffa009076_1536717777_45e8f4939bc3bd36e4b87ab1e324d227_4.jpg', '2018-09-12 04:02:57', '1', 'gallery'),
(20, 1, 'de119178a5_1536717777_45e8f4939bc3bd36e4b87ab1e324d227_5.jpg', '2018-09-12 04:02:58', '1', 'gallery'),
(21, 1, 'cd45b87a76_1536717778_45e8f4939bc3bd36e4b87ab1e324d227_6.jpg', '2018-09-12 04:02:58', '1', 'gallery'),
(22, 1, 'ea5f065748_1536717778_45e8f4939bc3bd36e4b87ab1e324d227_7.jpg', '2018-09-12 04:02:58', '1', 'gallery'),
(23, 1, 'b3449c4daa_1536717778_45e8f4939bc3bd36e4b87ab1e324d227_8.jpg', '2018-09-12 04:02:58', '1', 'gallery'),
(65, 12, '6fbcf51418_1536759777_8012f255a337782bffaadea968723f36.jpg', '2018-09-12 15:42:57', '1', 'gallery'),
(66, 12, '98fece9b7c_1536759777_8012f255a337782bffaadea968723f36_2.jpg', '2018-09-12 15:42:57', '1', 'gallery'),
(67, 12, 'b8c09827bc_1536759777_8012f255a337782bffaadea968723f36_3.jpg', '2018-09-12 15:42:57', '1', 'gallery'),
(68, 12, '2c01e89110_1536759777_8012f255a337782bffaadea968723f36_4.jpg', '2018-09-12 15:42:58', '1', 'gallery'),
(94, 54, '26a1bdef48_1537803187_fc34f61d23b74be53ee07d469bd32064_XL.jpg', '2018-09-24 17:33:07', '1', 'services'),
(95, 54, 'fe67d98aa8_1537803187_ffee2447b152494b43d9816faaea83c8.jpg', '2018-09-24 17:33:08', '1', 'services'),
(102, 51, '1bdac498b9_1538922927_2_gx8w8t.jpg', '2018-10-07 16:35:27', '1', 'services'),
(103, 51, 'c39c13d5ff_1538922927_corporate-buildings-m.jpg', '2018-10-07 16:35:28', '1', 'services'),
(127, 47, '9db4cfcdde_1540871390_fc34f61d23b74be53ee07d469bd32064_XL.jpg', '2018-10-30 04:49:50', '1', 'services'),
(128, 47, 'e5eece8783_1540871390_ffee2447b152494b43d9816faaea83c8.jpg', '2018-10-30 04:49:50', '1', 'services'),
(135, 33, 'ef58ac1aa1_1540871965_2_gx8w8t.jpg', '2018-10-30 10:59:26', '1', 'berita'),
(136, 33, '2d61d071f0_1540871966_corporate-buildings-m.jpg', '2018-10-30 10:59:27', '1', 'berita'),
(137, 2, '9c4344fc31_1596696834_4510549_coffee_cup_wallpapers.jpg', '2020-08-06 13:53:55', '1', 'gallery'),
(138, 2, '80084411a9_1596696835_wp1923704.jpg', '2020-08-06 13:53:56', '1', 'gallery'),
(139, 2, '345de5b14a_1596696836_yG5VOP.jpg', '2020-08-06 13:53:56', '1', 'gallery'),
(149, 0, 'c4c6236f45_1596698834_bg4.jpg', '2020-08-06 14:27:14', '1', 'gallery'),
(150, 0, 'e3d5d045a5_1596698834_slide2.jpg', '2020-08-06 14:27:15', '1', 'gallery'),
(151, 0, '4d15be1679_1596698835_slide3.jpg', '2020-08-06 14:27:15', '1', 'gallery'),
(152, 13, '6e2c215a66_1596699268_bg4.jpg', '2020-08-06 14:34:29', '1', 'gallery'),
(153, 13, 'fa87f49c75_1596699269_slide2.jpg', '2020-08-06 14:34:29', '1', 'gallery'),
(154, 13, '0b003756d9_1596699269_slide3.jpg', '2020-08-06 14:34:29', '1', 'gallery');

-- --------------------------------------------------------

--
-- Struktur dari tabel `gallery`
--

CREATE TABLE `gallery` (
  `id_gallery` int(5) NOT NULL,
  `id_kategori` int(5) NOT NULL,
  `id_tag` varchar(100) CHARACTER SET utf8 NOT NULL,
  `id_brand` int(5) NOT NULL,
  `judul` varchar(100) CHARACTER SET utf8 NOT NULL,
  `slug` varchar(200) CHARACTER SET utf8 DEFAULT NULL,
  `isi_gallery` text CHARACTER SET utf8 DEFAULT NULL,
  `created_time` datetime NOT NULL DEFAULT current_timestamp(),
  `gambar` varchar(100) CHARACTER SET utf8 DEFAULT NULL,
  `galleryfoto` varchar(255) DEFAULT NULL,
  `meta_title` varchar(200) CHARACTER SET utf8 DEFAULT NULL,
  `meta_keywords` varchar(200) CHARACTER SET utf8 DEFAULT NULL,
  `meta_description` varchar(200) CHARACTER SET utf8 DEFAULT NULL,
  `gallery_views` int(11) DEFAULT 1,
  `username` varchar(100) CHARACTER SET utf8 DEFAULT NULL,
  `price` varchar(200) CHARACTER SET utf8 DEFAULT NULL,
  `id_categories` int(5) DEFAULT NULL,
  `video` varchar(255) DEFAULT NULL
) ENGINE=MyISAM DEFAULT CHARSET=latin1;

-- --------------------------------------------------------

--
-- Struktur dari tabel `gallery_tagmap`
--

CREATE TABLE `gallery_tagmap` (
  `id_tagmap` int(5) NOT NULL,
  `tags_id` int(5) NOT NULL,
  `id_gallery` int(5) NOT NULL,
  `post_type` varchar(200) NOT NULL
) ENGINE=MyISAM DEFAULT CHARSET=latin1;

-- --------------------------------------------------------

--
-- Struktur dari tabel `gallery_tags`
--

CREATE TABLE `gallery_tags` (
  `tags_id` int(5) NOT NULL,
  `tags_title` varchar(100) NOT NULL,
  `slug` varchar(200) NOT NULL,
  `updated_at` timestamp NOT NULL DEFAULT current_timestamp() ON UPDATE current_timestamp(),
  `created_at` timestamp NOT NULL DEFAULT '0000-00-00 00:00:00',
  `tags_description` text DEFAULT NULL,
  `gambar` varchar(100) NOT NULL,
  `meta_title` varchar(200) CHARACTER SET utf8 NOT NULL,
  `meta_keywords` varchar(200) CHARACTER SET utf8 NOT NULL,
  `meta_description` varchar(200) NOT NULL
) ENGINE=InnoDB DEFAULT CHARSET=latin1;

-- --------------------------------------------------------

--
-- Struktur dari tabel `groups`
--

CREATE TABLE `groups` (
  `id` mediumint(8) UNSIGNED NOT NULL,
  `name` varchar(20) NOT NULL,
  `description` varchar(100) NOT NULL
) ENGINE=InnoDB DEFAULT CHARSET=utf8;

--
-- Dumping data untuk tabel `groups`
--

INSERT INTO `groups` (`id`, `name`, `description`) VALUES
(1, 'admin', 'Administrator'),
(2, 'members', 'General User'),
(3, 'anggota', ''),
(4, 'superadmin', '');

-- --------------------------------------------------------

--
-- Struktur dari tabel `hubungi`
--

CREATE TABLE `hubungi` (
  `id_hubungi` int(5) NOT NULL,
  `nama` varchar(50) COLLATE latin1_general_ci NOT NULL,
  `email` varchar(100) COLLATE latin1_general_ci NOT NULL,
  `phone` varchar(100) COLLATE latin1_general_ci NOT NULL,
  `subjek` varchar(100) COLLATE latin1_general_ci NOT NULL,
  `pesan` text COLLATE latin1_general_ci NOT NULL,
  `tanggal` date NOT NULL
) ENGINE=MyISAM DEFAULT CHARSET=latin1 COLLATE=latin1_general_ci;

--
-- Dumping data untuk tabel `hubungi`
--

INSERT INTO `hubungi` (`id_hubungi`, `nama`, `email`, `phone`, `subjek`, `pesan`, `tanggal`) VALUES
(10, 'dfdfd', 'sdasdda@fsdf.com', '02132328832', 'Hit Counter', 'dfdf sd s ', '0000-00-00'),
(11, 'AHMAD', 'sdasdda@fsdf.com', '02132328832', 'gtranslate', 'dfdsfs sd sdf s ', '0000-00-00'),
(12, 'AHMAD', 'sdasdda@fsdf.com', '02132328832', 'Hit Counter', 'dsdsd ', '0000-00-00'),
(13, 'AHMAD', 'sdasdda@fsdf.com', '02132328832', 'Hit Counter', 'baaru', '2018-03-15'),
(14, 'AHMAD Zulfikar', 'sdasdda@fsdf.com', '02132328832', 'Hit Counter', 'sadsdsd asd a', '2018-03-15'),
(15, 'AHMAD', 'sdasdda@fsdf.com', '02132328832', 'Hit Counter', 'sdsdcasdcasdcacscdaca', '2018-03-15'),
(16, 'AHMAD', 'sdasdda@fsdf.com', '02132328832', 'Hit Counter', 'sdsdcasdcasdcacscdaca', '2018-03-15'),
(17, 'AHMAD Zulfikar', 'sdasdda@fsdf.com', '02132328832', 'Hit Counter', 'kkjkkhk hj h h ', '2018-03-15'),
(18, 'AHMAD Zulfikar', 'sdasdda@fsdf.com', '02132328832', 'Hit Counter', 'ff ff', '2018-03-15'),
(19, 'AHMAD Zulfikar', 'sdasdda@fsdf.com', '02132328832', 'Hit Counter', 'ffddddfdf df d d', '2018-03-15'),
(20, 'AHMAD Zulfikar', 'sdasdda@fsdf.com', '02132328832', 'Hit Counter', 'ppppppppppppppppppppppppppppppp', '2018-03-15'),
(21, 'AHMAD Zulfikar', 'sdasdda@fsdf.com', '02132328832', 'Hit Counter', 'sfdsfsdf', '2018-03-15'),
(22, 'AHMAD Zulfikar', 'sdasdda@fsdf.com', '02132328832', 'Hit Counter', 'tttttttttttttttttttt', '2018-03-15'),
(23, 'AHMAD', 'sdasdda@fsdf.com', '02132328832', 'Hit Counter', 'dfsdfsdf', '2018-03-15'),
(24, 'sdsadsad', 'sdasdda@fsdf.com', '02132328832', 'Hit Counter', 'dsfsdfsdf', '2018-03-15'),
(25, 'AHMAD', 'sdasdda@fsdf.com', '02132328832', 'Hit Counter', 'dfsdfsfs', '2018-03-15'),
(26, 'AHMAD', 'sdasdda@fsdf.com', '02132328832', 'Hit Counter', 'dfdsfsd sd s s', '2018-03-15'),
(27, 'AHMAD Zulfikar', 'sdasdda@fsdf.com', '02132328832', 'Hit Counter', 'fdfsdfsf', '2018-03-15'),
(28, 'AHMAD Zulfikar', 'sdasdda@fsdf.com', '02132328832', 'Hit Counter', 'ghfghfhf', '2018-03-15'),
(32, 'Waterproofing Coating Dinding', 'fikarcare4u@gmail.com', '', 'CV. Alpha Jaya Tehnik', 'asdsdsadas sd asd sad asd as as dad ', '2018-08-07'),
(33, 'Waterproofing Coating Dinding', 'fikarcare4u@gmail.com', '', 'CV. Alpha Jaya Tehnik', 'asdsdsadas sd asd sad asd as as dad ', '2018-08-07'),
(34, 'Injeksi PU', 'fikarcare4u@gmail.com', '', 'CV. Alpha Jaya Tehnik', 'gfgfdgdfgd fgd fgdfgdfg dfg dfg df d d ', '2018-08-07'),
(35, 'ahmad zulfikar', 'ahmadzulfikar@gmail.com', '02112313123', 'contoh email', 'asdsadsadasd asda sdas das', '2018-08-07'),
(36, 'ahmad zulfikar', 'ahmadzulfikar@gmail.com', '02112313123', 'contoh email', 'asdsadsadasd asda sdas das', '2018-08-07'),
(37, 'percobaan kirim email', 'ahmadzulfikar@gmail.com', '02112313123', 'contoh email', 'sdsadsd sadsa dsadsd asd sad sad asd sad sad as da sa dasd sa', '2018-08-07'),
(38, 'percobaan kirim email', 'ahmadzulfikar@gmail.com', '02112313123', 'contoh email', 'sdsadsd sadsa dsadsd asd sad sad asd sad sad as da sa dasd sa', '2018-08-07'),
(39, 'ahmad zulfikar', 'ahmadzulfikar@gmail.com', '02112313123', 'contoh email', 'dsfsfsdfdsfs df dsf sdf sdf sdf sdf sdf sd s', '2018-08-07'),
(40, 'jajal email', 'ahmadzulfikar@gmail.com', '02112313123', 'contoh email', 'sdsads ds adsa das dsad as ds ds', '2018-08-07'),
(41, 'percobaan kirim email', 'ahmadzulfikar@gmail.com', '02112313123', 'contoh email fffffffffff', 'dfdsf sdfs dfsdfsdfsdfsdf sd s', '2018-08-08'),
(42, 'ahmad zulfikar', 'ahmadzulfikar@gmail.com', '02112313123', 'aku coba email lagi', 'sdasd asdasdasd asd as a', '2018-08-08'),
(43, 'apakah berhasil', 'ahmadzulfikar@gmail.com', '02112313123', 'contoh email fffffffffff', 'dsadsa das dasd asd asd as a', '2018-08-08'),
(44, 'nurhardianti', 'nurhardianti90@yahoo.co.id', '02112313123', 'contoh email', 'jhjhj hjhj hj hjh j hjh jh j hj h j', '2018-08-08'),
(45, 'nurhardianti', 'nurhardianti90@yahoo.co.id', '02112313123', 'contoh email fffffffffff', 'sd asda sdasd asd asdas dasd asda sd as', '2018-08-08'),
(46, 'ahmad zulfikar', 'fikarcare4u@gmail.com', '02112313123', 'contoh email', 'sadsadas dasdasd asd as a sdasda s da', '2018-08-08'),
(47, 'ahmad zulfikar', 'nurhardianti90@yahoo.co.id', '02112313123', 'contoh email fffffffffff', 'dfsdf sdfs dfsdfsdfsdfsd fs fs', '2018-08-08'),
(48, 'percobaan kirim email', 'nurhardianti90@yahoo.co.id', '02112313123', 'contoh email fffffffffff', 'fgfdg dg dfgdfg d', '2018-08-08'),
(49, 'ahmad zulfikar', 'nurhardianti90@yahoo.co.id', '02112313123', 'contoh email fffffffffff', 'fdsfsd fsdf sdf sdfs df sf s', '2018-08-08'),
(50, 'ahmad zulfikar', 'nurhardianti90@yahoo.co.id', '02112313123', 'contoh email fffffffffff', 'safasfsafasfas as a as asa  a', '2018-08-08'),
(51, 'percobaan kirim email', 'nurhardianti90@yahoo.co.id', '02112313123', 'percobaan kirim email via website alphajayatehnik.co.id', 'fdfdsfdsfsd fsdf sdf sdfdsfds fdsf sdf', '2018-08-08'),
(52, 'ahmad zulfikar', 'nurhardianti90@yahoo.co.id', '087888370521', 'percobaan kirim email via website alphajayatehnik.co.id', 'Using SMTP server is always a good idea to send email from the script. Sometimes PHP', '2018-08-08'),
(53, 'ahmad zulfikar', 'nurhardianti90@yahoo.co.id', '02112313123', 'contoh email fffffffffff', 'dfsdfsdf sdf sdfsdf sdf s', '2018-08-08'),
(54, 'ahmad zulfikar', 'nurhardianti90@yahoo.co.id', '02112313123', 'contoh email fffffffffff', 'sdfdgdg gdfsdfsdfsdf sdfsd fsd s', '2018-08-08');

-- --------------------------------------------------------

--
-- Struktur dari tabel `identitas`
--

CREATE TABLE `identitas` (
  `id_identitas` int(5) NOT NULL,
  `nama_website` varchar(100) NOT NULL,
  `alamat_website` varchar(100) NOT NULL,
  `meta_title` varchar(200) DEFAULT NULL,
  `meta_deskripsi` text NOT NULL,
  `meta_keyword` text NOT NULL,
  `favicon` varchar(50) NOT NULL,
  `logo` varchar(50) NOT NULL,
  `header` varchar(50) NOT NULL,
  `headerlogo` varchar(50) NOT NULL,
  `img_profil` varchar(100) NOT NULL,
  `icon` varchar(50) DEFAULT NULL
) ENGINE=MyISAM DEFAULT CHARSET=latin1;

--
-- Dumping data untuk tabel `identitas`
--

INSERT INTO `identitas` (`id_identitas`, `nama_website`, `alamat_website`, `meta_title`, `meta_deskripsi`, `meta_keyword`, `favicon`, `logo`, `header`, `headerlogo`, `img_profil`, `icon`) VALUES
(1, 'Arjuna Electric', 'http://rentalgensetjakarta.net/', 'SEWA GENSET MURAH JABODETABEK', 'SEWA GENSET MURAH JABODETABEK Jasa Sewa Genset Silent Murah Jakarta, Kami menyediakan Jasa Sewa Genset Silent mulai dari kapasitas 25 kva - 1250 kva. Jasa Sewa Genset Silent kami siap melayani untuk wilayah seluruh indonesia', '', 'favicon.ico', 'arjunaelectric2.png', 'power-surge-merl.jpg', '38865790-innovation-wallpapers-innovations-wallpap', 'FB_IMG_1553665812750.jpg', 'arjunaelectric1.png');

-- --------------------------------------------------------

--
-- Struktur dari tabel `jabatan`
--

CREATE TABLE `jabatan` (
  `id_jabatan` int(5) NOT NULL,
  `name_jabatan` varchar(100) NOT NULL,
  `slug` varchar(200) CHARACTER SET utf8 DEFAULT NULL,
  `isi_jabatan` text NOT NULL,
  `tgl_posting` datetime NOT NULL DEFAULT current_timestamp(),
  `gambar` varchar(100) NOT NULL,
  `position` int(8) NOT NULL DEFAULT 100
) ENGINE=MyISAM DEFAULT CHARSET=latin1;

--
-- Dumping data untuk tabel `jabatan`
--

INSERT INTO `jabatan` (`id_jabatan`, `name_jabatan`, `slug`, `isi_jabatan`, `tgl_posting`, `gambar`, `position`) VALUES
(2, 'Operator', 'operator', '', '2018-11-08 00:00:00', '032566fcea_1541698800_cnth.jpg', 100),
(3, 'staff', 'staff', '', '2018-11-08 00:00:00', 'c432795690_1541698820_corporate-buildings-m.jpg', 100),
(4, 'Supervisor', 'supervisor', '', '2018-11-10 00:12:51', '', 100),
(5, 'Manager', 'manager', '', '2018-11-10 00:12:59', '', 100),
(6, 'Foreman', 'foreman', '', '2018-11-10 00:13:03', '', 100),
(7, 'Leader', 'leader', '', '2018-12-05 23:53:28', '', 100);

-- --------------------------------------------------------

--
-- Struktur dari tabel `katajelek`
--

CREATE TABLE `katajelek` (
  `id_jelek` int(11) NOT NULL,
  `kata` varchar(60) COLLATE latin1_general_ci DEFAULT NULL,
  `ganti` varchar(60) COLLATE latin1_general_ci DEFAULT NULL
) ENGINE=MyISAM DEFAULT CHARSET=latin1 COLLATE=latin1_general_ci;

--
-- Dumping data untuk tabel `katajelek`
--

INSERT INTO `katajelek` (`id_jelek`, `kata`, `ganti`) VALUES
(4, 'sex', 's**'),
(2, 'bajingan', 'b*******'),
(3, 'bangsat', 'b******');

-- --------------------------------------------------------

--
-- Struktur dari tabel `kategori`
--

CREATE TABLE `kategori` (
  `id_kategori` int(5) NOT NULL,
  `nama_kategori` varchar(50) COLLATE latin1_general_ci NOT NULL,
  `kategori_seo` varchar(100) COLLATE latin1_general_ci NOT NULL,
  `aktif` enum('Y','N') COLLATE latin1_general_ci NOT NULL DEFAULT 'Y'
) ENGINE=MyISAM DEFAULT CHARSET=latin1 COLLATE=latin1_general_ci;

--
-- Dumping data untuk tabel `kategori`
--

INSERT INTO `kategori` (`id_kategori`, `nama_kategori`, `kategori_seo`, `aktif`) VALUES
(19, 'Teknologi', 'teknologi', 'Y'),
(2, 'Olahraga', 'olahraga', 'Y'),
(22, 'Politik', 'politik', 'Y'),
(23, 'Hiburan', 'hiburan', 'Y'),
(31, 'Genset Silent', 'genset-silent', 'Y'),
(32, 'Genset Open', 'genset-open', 'Y');

-- --------------------------------------------------------

--
-- Struktur dari tabel `komentar`
--

CREATE TABLE `komentar` (
  `id_komentar` int(5) NOT NULL,
  `id_berita` int(5) NOT NULL,
  `nama_komentar` varchar(100) COLLATE latin1_general_ci NOT NULL,
  `url` varchar(100) COLLATE latin1_general_ci NOT NULL,
  `isi_komentar` text COLLATE latin1_general_ci NOT NULL,
  `tgl` date NOT NULL,
  `jam_komentar` time NOT NULL,
  `aktif` enum('Y','N') COLLATE latin1_general_ci NOT NULL DEFAULT 'Y'
) ENGINE=MyISAM DEFAULT CHARSET=latin1 COLLATE=latin1_general_ci;

--
-- Dumping data untuk tabel `komentar`
--

INSERT INTO `komentar` (`id_komentar`, `id_berita`, `nama_komentar`, `url`, `isi_komentar`, `tgl`, `jam_komentar`, `aktif`) VALUES
(12, 71, 'Wisnu', 'wisnu.wordpress.com', 'pertamax', '2009-02-02', '08:10:23', 'Y'),
(13, 71, 'Adrian', 'adrian.blogspot.com', 'CR 7 emang idola gua, melesat terus ya prestasinya.', '2009-02-02', '09:06:01', 'Y'),
(15, 79, 'Armen', 'detik.com', 'ahmadinejad emang idolaku', '2009-02-03', '10:05:20', 'Y'),
(17, 74, 'Lukman', 'hakim.com', 'apakah browser google secanggih search enginenya?', '2009-02-21', '10:12:23', 'Y'),
(34, 92, 'Rudi', 'bukulokomedia.com', ' Kalau  tentang  gue,  kapan  dibuat  filmnya  ya?   ', '2009-10-28', '21:21:21', 'Y'),
(22, 77, 'Raihan', 'bukulokomedia.com', 'mas .. tolong kirimin source code proyek lokomedia&nbsp; ke email saya di raihan@gmail.com', '2009-08-25', '16:30:00', 'Y'),
(23, 77, 'Wawan', 'bukulokomedia.com', 'woi .. kunjungin dong website saya di http://bukulokomedia.com, jangan lupa kasih komen dan sarannya ya.', '2009-08-25', '16:31:50', 'Y'),
(36, 93, 'Lukman', 'google.com', 'tes  kata-kata  jelek  sex   ', '2009-11-04', '10:04:26', 'Y'),
(65, 85, 'hilman', 'antonhilman.com', ' emang  sih,  windows  7  lebih  cepat  dibandingkan  vista,  tapi  masih  banyak  bug  bung.   ', '2010-01-15', '04:16:25', 'Y'),
(66, 78, 'ronaldinho', 'ronaldino.com', ' ronaldo  pantas  mendapatkannya  tahun  ini  dan  kayaknya  tahun  depan  masih  menjadi  miliknya.   ', '2010-01-15', '04:18:08', 'Y'),
(67, 99, 'lukman', 'bukulokomedia.com', ' tes   ', '2010-02-11', '02:42:46', 'Y'),
(69, 99, 'fathan', 'bukulokomedia.com', 'keduax', '2010-02-15', '07:44:12', 'Y'),
(70, 99, 'Rianto', 'bukulokomedia.com', ' kok  nggak  ada  yang  pertamax  ..  langsung  keduax  sih.   ', '2010-05-16', '11:33:26', 'Y'),
(72, 99, 'lokomedia', 'bukulokomedia.com', ' test  paging  komentar   ', '2012-01-03', '17:50:14', 'Y'),
(73, 99, 'husada', 'bukulokomedia.com', ' perbaikan  paging  halaman  komentar   ', '2012-01-03', '17:53:03', 'Y'),
(74, 99, 'hendra', 'bukulokomedia.com', ' iya  kemarin  sudah  saya  coba  yang  CMS  Lokomedia  versi  1.5,  paging  komentarnya  masih  error.   ', '2012-01-03', '17:53:59', 'Y'),
(75, 99, 'lukman', 'bukulokomedia.com', ' @  husada  dan  hendra:  terimakasih  atas  perbaikan  bugnya.   ', '2012-01-03', '17:54:41', 'Y'),
(76, 99, 'lokomedia', 'bukulokomedia.com', ' pada  versi  1.5.5,  bug  paging  halaman  komentar  sudah  diperbaiki.   ', '2012-01-03', '17:55:27', 'Y'),
(77, 99, 'hendra', 'bukulokomedia.com', ' paging  halaman  komentar  sudah  berjalan  dengan  baik,  thanks  lokomedia   ', '2012-01-03', '17:56:12', 'Y'),
(92, 124, 'Lukmanul', 'bukulokomedia.com', 'Tes  komentar  pakai  url  <a target=\"_blank\" rel=\"nofollow\" href=\"http://bukulokomedia.com\">http://bukulokomedia.com</a>&nbsp;', '2012-05-02', '11:27:28', 'Y'),
(95, 121, 'Robby Prihandaya', 'https://phpmu.com', 'Sepakan Hamka masih bisa ditepis Bounthisanh, tapi bola disambar oleh Arief Suyono dan terciptalah gol kelima Indonesia. Ini adalah gol kedua Arief dalam turnamen ini.', '2017-05-10', '03:46:19', 'Y');

-- --------------------------------------------------------

--
-- Struktur dari tabel `login_attempts`
--

CREATE TABLE `login_attempts` (
  `id` int(11) UNSIGNED NOT NULL,
  `ip_address` varchar(45) NOT NULL,
  `login` varchar(100) NOT NULL,
  `time` int(11) UNSIGNED DEFAULT NULL
) ENGINE=InnoDB DEFAULT CHARSET=utf8;

-- --------------------------------------------------------

--
-- Struktur dari tabel `mainmenu`
--

CREATE TABLE `mainmenu` (
  `id_main` int(5) NOT NULL,
  `nama_menu` varchar(50) CHARACTER SET latin1 COLLATE latin1_general_ci DEFAULT NULL,
  `link` varchar(100) CHARACTER SET latin1 COLLATE latin1_general_ci DEFAULT NULL,
  `aktif` enum('Y','N') NOT NULL DEFAULT 'Y',
  `adminmenu` enum('Y','N') NOT NULL,
  `arrange` int(11) DEFAULT NULL
) ENGINE=MyISAM DEFAULT CHARSET=latin1;

--
-- Dumping data untuk tabel `mainmenu`
--

INSERT INTO `mainmenu` (`id_main`, `nama_menu`, `link`, `aktif`, `adminmenu`, `arrange`) VALUES
(2, 'Beranda', '', 'Y', 'N', 1),
(3, 'Profil', '#', 'Y', 'N', 2),
(4, 'Schedules', 'agenda', 'Y', 'N', 5),
(5, 'Berita', '#', 'Y', 'N', 4),
(6, 'Download', 'download', 'N', 'N', 0),
(7, 'Galeri Foto', 'gallery', 'N', 'N', 0),
(8, 'Hubungi Kami', 'hubungi', 'Y', 'N', 9),
(14, 'Setting Web', '', 'N', 'Y', 0),
(15, 'Setting Menu', '', 'N', 'Y', 1),
(16, 'Manajemen Berita', '', 'N', 'Y', 3),
(54, 'Hubungi Kami', 'administrator/pesanmasuk', 'N', 'Y', 3),
(53, 'Interaksi', '', 'N', 'Y', 6),
(52, 'Media', '', 'N', 'Y', 7),
(59, 'Banner', 'administrator/banner', 'N', 'Y', 8),
(61, 'Training Program', 'Training Program', 'Y', 'N', 3),
(62, 'Consulting', 'Consulting', 'Y', '', 6),
(63, 'Employing', 'Employing', 'Y', '', 7),
(64, 'Equipment', 'Equipment', 'Y', '', 8),
(65, 'Manajemen Halaman', '#', 'N', 'Y', 4),
(66, 'Our Services', '#', 'Y', 'N', 10),
(67, 'Navigation', 'administrator/navigation/', 'N', 'Y', 0),
(68, 'Schedules', 'administrator/schedules', 'N', 'Y', 0);

-- --------------------------------------------------------

--
-- Struktur dari tabel `modul`
--

CREATE TABLE `modul` (
  `id_modul` int(5) NOT NULL,
  `nama_modul` varchar(50) COLLATE latin1_general_ci NOT NULL,
  `link` varchar(100) COLLATE latin1_general_ci NOT NULL,
  `static_content` text COLLATE latin1_general_ci NOT NULL,
  `gambar` varchar(100) COLLATE latin1_general_ci NOT NULL,
  `publish` enum('Y','N') COLLATE latin1_general_ci NOT NULL DEFAULT 'Y',
  `status` enum('user','admin') COLLATE latin1_general_ci NOT NULL,
  `aktif` enum('Y','N') COLLATE latin1_general_ci NOT NULL DEFAULT 'Y',
  `urutan` int(5) NOT NULL,
  `link_seo` varchar(50) COLLATE latin1_general_ci NOT NULL
) ENGINE=MyISAM DEFAULT CHARSET=latin1 COLLATE=latin1_general_ci;

--
-- Dumping data untuk tabel `modul`
--

INSERT INTO `modul` (`id_modul`, `nama_modul`, `link`, `static_content`, `gambar`, `publish`, `status`, `aktif`, `urutan`, `link_seo`) VALUES
(2, 'Manajemen User', '?module=user', '', '', 'N', 'user', 'Y', 1, ''),
(18, 'Berita', '?module=berita', '', '', 'Y', 'user', 'Y', 6, 'semua-berita.html'),
(19, 'Banner', '?module=banner', '', '', 'Y', 'admin', 'Y', 9, ''),
(37, 'Profil', '?module=profil', '<b>Bukulokomedia.com</b> merupakan website resmi dari penerbit Lokomedia yang bermarkas di Jl. Arwana No.24 Minomartani Yogyakarta 55581. Dirintis pertama kali oleh Lukmanul Hakim pada tanggal 14 Maret 2008.<br><br>Produk unggulan dari penerbit Lokomedia adalah buku-buku serta aksesoris bertema PHP (<span style=\"font-weight: bold; font-style: italic;\">PHP: Hypertext Preprocessor</span>) yang merupakan pemrograman Internet paling handal saat ini.\r\n', 'gedungku.jpg', 'N', 'admin', 'N', 3, 'profil-kami.html'),
(10, 'Manajemen Modul', '?module=modul', '', '', 'N', 'admin', 'Y', 2, ''),
(31, 'Kategori', '?module=kategori', '', '', 'Y', 'admin', 'Y', 5, ''),
(33, 'Poling', '?module=poling', '', '', 'Y', 'admin', 'Y', 10, ''),
(34, 'Tag (Label)', '?module=tag', '', '', 'N', 'admin', 'Y', 7, ''),
(35, 'Komentar', '?module=komentar', '', '', 'Y', 'admin', 'Y', 8, ''),
(36, 'Download', '?module=download', '', '', 'Y', 'admin', 'Y', 11, 'semua-download.html'),
(40, 'Hubungi Kami', '?module=hubungi', '', '', 'Y', 'admin', 'Y', 12, 'hubungi-kami.html'),
(41, 'Agenda', ' ?module=agenda', '', '', 'Y', 'user', 'Y', 31, 'semua-agenda.html'),
(42, 'Shoutbox', '?module=shoutbox', '', '', 'Y', 'admin', 'Y', 13, ''),
(43, 'Album', '?module=album', '', '', 'N', 'admin', 'Y', 14, ''),
(44, 'Galeri Foto', '?module=galerifoto', '', '', 'Y', 'admin', 'Y', 15, ''),
(45, 'Templates', '?module=templates', '', '', 'N', 'admin', 'Y', 16, ''),
(46, 'Kata Jelek', '?module=katajelek', '', '', 'N', 'admin', 'Y', 17, ''),
(47, 'RSS', '-', '', '', 'Y', 'admin', 'N', 18, ''),
(48, 'YM', '-', '', '', 'Y', 'admin', 'N', 19, ''),
(49, 'Indeks Berita', '-', '', '', 'Y', 'admin', 'N', 20, ''),
(50, 'Kalender', '-', '', '', 'Y', 'admin', 'N', 21, ''),
(51, 'Statistik User', '-', '', '', 'Y', 'admin', 'N', 22, ''),
(52, 'Pencarian', '-', '', '', 'Y', 'admin', 'N', 23, ''),
(53, 'Berita Teratas', '-', '', '', 'Y', 'admin', 'N', 24, ''),
(54, 'Arsip Berita', '-', '', '', 'Y', 'admin', 'N', 25, ''),
(55, 'Berita Sebelumnya', '-', '', '', 'Y', 'admin', 'N', 26, ''),
(60, 'Sekilas Info', '?module=sekilasinfo', '', '', 'Y', 'admin', 'Y', 13, ''),
(57, 'Menu Utama', '?module=menuutama', '', '', 'Y', 'admin', 'Y', 28, ''),
(58, 'Sub Menu', '?module=submenu', '', '', 'Y', 'admin', 'Y', 29, ''),
(59, 'Halaman Statis', '?module=halamanstatis', '', '', 'Y', 'admin', 'Y', 30, ''),
(61, 'Identitas Website', '?module=identitas', '', '', 'N', 'admin', 'Y', 4, ''),
(62, 'product', '?module=product', '', '', 'Y', 'admin', 'Y', 0, ''),
(63, 'products', '?module=products', '', '', 'Y', 'admin', 'Y', 0, '');

-- --------------------------------------------------------

--
-- Struktur dari tabel `pages`
--

CREATE TABLE `pages` (
  `id_pages` int(5) NOT NULL,
  `judul` varchar(100) NOT NULL,
  `slug` varchar(200) CHARACTER SET utf8 DEFAULT NULL,
  `isi_pages` text NOT NULL,
  `tgl_posting` date NOT NULL,
  `gambar` varchar(100) NOT NULL,
  `meta_title` varchar(200) CHARACTER SET utf8 NOT NULL,
  `meta_keywords` varchar(200) CHARACTER SET utf8 NOT NULL,
  `meta_description` varchar(200) NOT NULL
) ENGINE=MyISAM DEFAULT CHARSET=latin1;

--
-- Dumping data untuk tabel `pages`
--

INSERT INTO `pages` (`id_pages`, `judul`, `slug`, `isi_pages`, `tgl_posting`, `gambar`, `meta_title`, `meta_keywords`, `meta_description`) VALUES
(1, 'About Us', 'about-us', '<h3>CV SARJANA MUDA TEKNIK</h3>\r\n<h4>Spesialis Waterproofing dan Injection Concrete</h4>\r\n<p>Kami perusahaan bergerak di bidang aplikator dan penjualan. Semua jenis pekerjaan waterproofing dan injeksi Beton dan semua perbaikan Beton. Beton bocor, retak, dan keropos. Yang dikerjakan oleh tenaga yang berpengalaman dan menggunakan peralatan yang canggih.</p>\r\n<ul>\r\n<li>Kami melayani pekerjaan di seluruh Indonesia</li>\r\n<li>Kami memberikan garansi pekerjaan</li>\r\n<li>Kami melayani konsultasi dan survei secara gratis</li>\r\n</ul>\r\n<p>Kami hadir untuk membantu anda menyelesaikan permasalahan pada bangunan proyek anda, dengan pelayanan yang terbaik dan berkualitas.</p>\r\n<p><strong>Jenis Pekerjaan yang kami layani :</strong></p>\r\n<ul>\r\n<li>Injeksi Grouting</li>\r\n<li>Injeksi Polyurethane</li>\r\n<li>Injeksi Epoxy</li>\r\n<li>Waterproofing membrane bakar</li>\r\n<li>Waterproofing Coating</li>\r\n<li>Sealant</li>\r\n</ul>\r\n<p>&nbsp;</p>\r\n<p><strong>Proyek-proyek yang pernah kami kerjakan</strong></p>\r\n<ul>\r\n<li>Kantor Wakil Presiden, Jakarta : Injeksi Polyurethane</li>\r\n<li>Kantor Kementrian dalam negeri , Jakarta : Grouting</li>\r\n<li>Kantor Kementrian kelautan &amp; perikanan, Jakarta : Injeksi Polyurethane</li>\r\n<li>Kantor Wali Kota Jakarta Selatan, Jakarta : Injeksi Grouting</li>\r\n<li>Rumah Sakit Pondok Indah, Jakarta : Injeksi Polyurethane,Waterproofing Coating</li>\r\n<li>Rumah Sakit Pondok Indah Puri Jakarta : Injeksi Polyurethane,Waterproofing Coating</li>\r\n<li>Pelabuhan Muara Angke, Jakarta : Waterproofing membrane bakar, Injeksi Epoxy</li>\r\n<li>Depot LPG Dumai, Provinsi Riau : Injeksi Grouting, Injeksi Polyurethane</li>\r\n<li>Mall Puri Indah, Jakarta : Waterproofing Membrane Bakar</li>\r\n<li>Lippo Mall Kemang, Jakarta : Waterproofing Membrane Bakar</li>\r\n<li>Mall Cipinang Indah, Jakarta : Waterproofing Membrane Bakar</li>\r\n<li>Mall Point Square, Jakarta : Waterproofing Membrane Bakar</li>\r\n<li>MC Donald, Depok : Waterproofing Membrane Bakar</li>\r\n<li>MC Donald, Gorontalo : Waterproofing Membrane Bakar</li>\r\n<li>Mall Plaza Indonesia, Jakarta : Waterproofing Membrane Bakar</li>\r\n<li>Mall Grand Indonesia, Jakarta : Waterproofing Membrane Bakar</li>\r\n</ul>\r\n<p>&nbsp;</p>\r\n<p>&nbsp;</p>\r\n<p>&nbsp;</p>', '2020-08-19', '3d1411eeb8_1597740397_sarjanamudateknik_com.jpeg', '', '', ''),
(44, 'Video', 'video', '<p><iframe src=\"https://www.youtube.com/embed/qt8uQC_2aVU\" width=\"560\" height=\"315\" frameborder=\"0\" allowfullscreen=\"\"></iframe></p>\r\n<p><iframe src=\"https://www.youtube.com/embed/FnO-C7wNAsQ\" width=\"560\" height=\"315\" frameborder=\"0\" allowfullscreen=\"\"></iframe></p>', '2020-08-20', 'a8c6d71ba9_1597842610_DcvtG8dW0AAxvP_.jpg', '', '', '');

-- --------------------------------------------------------

--
-- Struktur dari tabel `poling`
--

CREATE TABLE `poling` (
  `id_poling` int(5) NOT NULL,
  `pilihan` varchar(100) COLLATE latin1_general_ci NOT NULL,
  `status` varchar(20) COLLATE latin1_general_ci NOT NULL,
  `rating` int(5) NOT NULL DEFAULT 0,
  `aktif` enum('Y','N') COLLATE latin1_general_ci NOT NULL
) ENGINE=MyISAM DEFAULT CHARSET=latin1 COLLATE=latin1_general_ci;

--
-- Dumping data untuk tabel `poling`
--

INSERT INTO `poling` (`id_poling`, `pilihan`, `status`, `rating`, `aktif`) VALUES
(1, 'Internet Explorer', 'Jawaban', 24, 'Y'),
(2, 'Mozilla Firefox', 'Jawaban', 81, 'Y'),
(3, 'Google Chrome', 'Jawaban', 21, 'Y'),
(4, 'Opera', 'Jawaban', 22, 'Y'),
(8, 'Apa Browser Favorit Anda?', 'Pertanyaan', 0, 'Y');

-- --------------------------------------------------------

--
-- Struktur dari tabel `products`
--

CREATE TABLE `products` (
  `id_products` int(5) NOT NULL,
  `id_kategori` int(5) NOT NULL,
  `id_tag` varchar(100) CHARACTER SET utf8 NOT NULL,
  `id_brand` int(5) NOT NULL,
  `judul` varchar(100) CHARACTER SET utf8 NOT NULL,
  `slug` varchar(200) CHARACTER SET utf8 DEFAULT NULL,
  `isi_products` text CHARACTER SET utf8 DEFAULT NULL,
  `tgl_posting` datetime NOT NULL DEFAULT current_timestamp(),
  `gambar` varchar(100) CHARACTER SET utf8 DEFAULT NULL,
  `meta_title` varchar(200) CHARACTER SET utf8 DEFAULT NULL,
  `meta_keywords` varchar(200) CHARACTER SET utf8 DEFAULT NULL,
  `meta_description` varchar(200) CHARACTER SET utf8 DEFAULT NULL,
  `products_views` int(11) DEFAULT 1,
  `username` varchar(100) CHARACTER SET utf8 DEFAULT NULL,
  `price` varchar(200) CHARACTER SET utf8 DEFAULT NULL,
  `id_categories` int(5) DEFAULT NULL,
  `attachment` varchar(100) DEFAULT NULL,
  `featured` varchar(100) DEFAULT NULL,
  `position` mediumint(8) DEFAULT NULL
) ENGINE=MyISAM DEFAULT CHARSET=latin1;

-- --------------------------------------------------------

--
-- Struktur dari tabel `products_tagmap`
--

CREATE TABLE `products_tagmap` (
  `id_tagmap` int(5) NOT NULL,
  `tags_id` int(5) NOT NULL,
  `id_products` int(5) NOT NULL,
  `post_type` varchar(200) NOT NULL
) ENGINE=MyISAM DEFAULT CHARSET=latin1;

-- --------------------------------------------------------

--
-- Struktur dari tabel `products_tags`
--

CREATE TABLE `products_tags` (
  `tags_id` int(5) NOT NULL,
  `tags_title` varchar(100) NOT NULL,
  `slug` varchar(200) NOT NULL,
  `updated_at` timestamp NOT NULL DEFAULT current_timestamp() ON UPDATE current_timestamp(),
  `created_at` timestamp NOT NULL DEFAULT '0000-00-00 00:00:00',
  `tags_description` text DEFAULT NULL,
  `gambar` varchar(100) NOT NULL,
  `meta_title` varchar(200) CHARACTER SET utf8 NOT NULL,
  `meta_keywords` varchar(200) CHARACTER SET utf8 NOT NULL,
  `meta_description` varchar(200) NOT NULL
) ENGINE=InnoDB DEFAULT CHARSET=latin1;

-- --------------------------------------------------------

--
-- Struktur dari tabel `projects`
--

CREATE TABLE `projects` (
  `id_projects` int(5) NOT NULL,
  `id_kategori` int(5) NOT NULL,
  `id_tag` varchar(100) CHARACTER SET utf8 NOT NULL,
  `id_brand` int(5) NOT NULL,
  `judul` varchar(100) CHARACTER SET utf8 NOT NULL,
  `slug` varchar(200) CHARACTER SET utf8 DEFAULT NULL,
  `isi_projects` text CHARACTER SET utf8 DEFAULT NULL,
  `lokasi` varchar(100) CHARACTER SET utf8 DEFAULT NULL,
  `created_time` datetime NOT NULL DEFAULT current_timestamp(),
  `gambar` varchar(200) CHARACTER SET utf8 DEFAULT NULL,
  `meta_title` varchar(200) CHARACTER SET utf8 DEFAULT NULL,
  `meta_keywords` varchar(200) CHARACTER SET utf8 DEFAULT NULL,
  `meta_description` varchar(200) CHARACTER SET utf8 DEFAULT NULL,
  `projects_views` int(11) DEFAULT 1,
  `username` varchar(100) CHARACTER SET utf8 DEFAULT NULL,
  `price` varchar(200) CHARACTER SET utf8 DEFAULT NULL,
  `id_categories` int(5) DEFAULT NULL
) ENGINE=MyISAM DEFAULT CHARSET=latin1;

--
-- Dumping data untuk tabel `projects`
--

INSERT INTO `projects` (`id_projects`, `id_kategori`, `id_tag`, `id_brand`, `judul`, `slug`, `isi_projects`, `lokasi`, `created_time`, `gambar`, `meta_title`, `meta_keywords`, `meta_description`, `projects_views`, `username`, `price`, `id_categories`) VALUES
(1, 0, '', 0, 'Waterproofing Membrane Bakar di  Mall Grand Indonesia, Jakarta', 'waterproofing-membrane-bakar-di-mall-grand-indonesia-jakarta', '', 'Jakarta', '2020-08-19 14:55:16', '890bffbfc0_1597823716_mall_grand_indonesia_3.jpg', '', '', '', 0, 'admin', '', 0),
(2, 0, '', 0, 'Waterproofing Membrane Bakar di Mall Plaza Indonesia, Jakarta', 'waterproofing-membrane-bakar-di-mall-plaza-indonesia-jakarta', '', 'Jakarta', '2020-08-20 19:09:29', '6cc8ca1c0e_1597823830_Mall_Plaza_Indonesia.jpg', 'Waterproofing Membrane Bakar di Mall Plaza Indonesia, Jakarta', '', '', 0, 'admin', '', 0),
(3, 0, '', 0, 'Waterproofing Membrane Bakar di MC Donald, Gorontalo', 'waterproofing-membrane-bakar-di-mc-donald-gorontalo', '', 'Gorontalo', '2020-08-19 15:00:48', 'a81044bb52_1597824048_Mc_Donalds_di_Gorontalo.jpg', '', '', '', 0, 'admin', '', 0),
(4, 0, '', 0, 'Waterproofing Membrane Bakar di MC Donald,Depok', 'waterproofing-membrane-bakar-di-mc-donalddepok', '', 'Depok', '2020-08-19 15:04:16', '99ba0bca98_1597824256_MC_Donald_Depok.jpg', '', '', '', 0, 'admin', '', 0),
(5, 0, '', 0, 'Waterproofing Membrane Bakar di Mall Point Square, Jakarta ', 'waterproofing-membrane-bakar-di-mall-point-square-jakarta', '', 'Jakarta', '2020-08-19 15:06:03', '67b1acdd84_1597824363_Giant_Poins_Square_1280x720.jpg', '', '', '', 0, 'admin', '', 0),
(6, 0, '', 0, 'Waterproofing Membrane Bakar di Mall Cipinang Indah, Jakarta', 'waterproofing-membrane-bakar-di-mall-cipinang-indah-jakarta', '', 'Jakarta', '2020-08-19 15:07:36', '05cd0aa6f8_1597824456_Mall_Cipinang_Indah__Jakarta.jpg', '', '', '', 0, 'admin', '', 0),
(7, 0, '', 0, 'Waterproofing Membrane Bakar di Lippo Mall Kemang, Jakarta', 'waterproofing-membrane-bakar-di-lippo-mall-kemang-jakarta', '', 'Jakarta', '2020-08-19 15:09:11', 'dbf43fd287_1597824551_lippo_mall_kemang_village_3.jpg', '', '', '', 1, 'admin', '', 0),
(8, 0, '', 0, 'Waterproofing Membrane Bakar di Mall Puri Indah, Jakarta', 'waterproofing-membrane-bakar-di-mall-puri-indah-jakarta', '', 'Jakarta', '2020-08-19 15:10:54', '51c8d93631_1597824654_Mall_Puri_Indah__Jakarta.jpg', '', '', '', 0, 'admin', '', 0),
(9, 0, '', 0, 'Injeksi Grouting, Injeksi Polyurethane di Depot LPG Dumai, Provinsi Riau', 'injeksi-grouting-injeksi-polyurethane-di-depot-lpg-dumai-provinsi-riau', '', 'Provinsi Riau', '2020-08-19 15:13:27', 'e34aa20d78_1597824807_Depot_LPG_Dumai__Provinsi_Riau.jpg', '', '', '', 0, 'admin', '', 0),
(10, 0, '', 0, 'Waterproofing membrane bakar, Injeksi Epoxy di  Pelabuhan Muara Angke, Jakarta', 'waterproofing-membrane-bakar-injeksi-epoxy-di-pelabuhan-muara-angke-jakarta', '', 'Jakarta', '2020-08-19 15:15:21', '0fbb95e48b_1597824921_Pelabuhan_Muara_Angke__Jakarta.jpg', '', '', '', 1, 'admin', '', 0),
(11, 0, '', 0, 'Injeksi Polyurethane,Waterproofing Coating di Rumah Sakit Pondok Indah Puri Jakarta', 'injeksi-polyurethanewaterproofing-coating-di-rumah-sakit-pondok-indah-puri-jakarta', '', 'Jakarta', '2020-08-19 15:16:41', '575a820ca5_1597825001_Rumah_Sakit_Pondok_Indah_Puri_Jakarta.jpg', '', '', '', 0, 'admin', '', 0),
(12, 0, '', 0, 'Injeksi Polyurethane,Waterproofing Coating di Rumah Sakit Pondok Indah, Jakarta', 'injeksi-polyurethanewaterproofing-coating-di-rumah-sakit-pondok-indah-jakarta', '', 'Jakarta', '2020-08-20 19:09:14', 'd89bbba88b_1597825059_Rumah_Sakit_Pondok_Indah__Jakarta.jpg', 'Injeksi Polyurethane,Waterproofing Coating di Rumah Sakit Pondok Indah, Jakarta', '', '', 0, 'admin', '', 0),
(13, 0, '', 0, 'Injeksi Grouting di Kantor Wali Kota Jakarta Selatan, Jakarta', 'injeksi-grouting-di-kantor-wali-kota-jakarta-selatan-jakarta', '', 'Jakarta', '2020-08-19 15:18:49', '36fc0f230d_1597825129_Kantor_Wali_Kota_Jakarta_Selatan__Jakarta.jpg', '', '', '', 0, 'admin', '', 0),
(14, 0, '', 0, 'Injeksi Polyurethane di Kantor Kementrian kelautan & perikanan, Jakarta', 'injeksi-polyurethane-di-kantor-kementrian-kelautan-perikanan-jakarta', '', 'Jakarta', '2020-08-19 15:20:17', '0ec3403bb6_1597825217_Kantor_Kementrian_kelautan___perikanan__Jakarta.jpg', '', '', '', 1, 'admin', '', 0),
(15, 0, '', 0, 'Grouting di  Kantor Kementerian dalam negeri , Jakarta', 'grouting-di-kantor-kementerian-dalam-negeri-jakarta', '', 'Jakarta', '2020-08-19 15:21:44', '4a1d82e6b7_1597825304_Kantor_Kementerian_dalam_negeri___Jakarta.jpeg', '', '', '', 4, 'admin', '', 0),
(16, 0, '', 0, 'Injeksi Polyurethane di Kantor Wakil Presiden, Jakarta', 'injeksi-polyurethane-di-kantor-wakil-presiden-jakarta', '', 'Jakarta', '2020-08-19 15:27:36', '7499cc5bda_1597825656_Kantor_Wakil_Presiden_Republik_Indonesia.jpg', '', '', '', 5, 'admin', '', 0),
(17, 0, '', 0, 'Proyek MRT Jakarta', 'proyek-mrt-jakarta-1', '', 'Jakarta', '2020-08-20 14:51:57', 'b4a5a0987d_1597909917_proyek_mrt_jkarta.jpeg', '', '', '', 1, 'admin', '', 0);

-- --------------------------------------------------------

--
-- Struktur dari tabel `projects_tagmap`
--

CREATE TABLE `projects_tagmap` (
  `id_tagmap` int(5) NOT NULL,
  `tags_id` int(5) NOT NULL,
  `id_projects` int(5) NOT NULL,
  `post_type` varchar(200) NOT NULL
) ENGINE=MyISAM DEFAULT CHARSET=latin1;

--
-- Dumping data untuk tabel `projects_tagmap`
--

INSERT INTO `projects_tagmap` (`id_tagmap`, `tags_id`, `id_projects`, `post_type`) VALUES
(1, 1, 2, 'projects'),
(2, 1, 2, 'projects'),
(3, 1, 2, 'projects'),
(4, 1, 2, 'projects'),
(5, 1, 2, 'projects'),
(6, 1, 2, 'projects'),
(7, 1, 2, 'projects'),
(8, 1, 2, 'projects'),
(9, 2, 17, 'projects'),
(10, 3, 12, 'projects'),
(11, 1, 2, 'projects'),
(12, 4, 10, 'projects'),
(13, 3, 12, 'projects'),
(14, 5, 11, 'projects'),
(15, 3, 12, 'projects'),
(25, 5, 12, 'projects'),
(17, 2, 17, 'projects'),
(18, 3, 12, 'projects'),
(19, 2, 17, 'projects'),
(20, 3, 12, 'projects'),
(21, 2, 17, 'projects'),
(24, 4, 17, 'projects');

-- --------------------------------------------------------

--
-- Struktur dari tabel `projects_tags`
--

CREATE TABLE `projects_tags` (
  `tags_id` int(5) NOT NULL,
  `tags_title` varchar(100) NOT NULL,
  `slug` varchar(200) NOT NULL,
  `updated_at` timestamp NOT NULL DEFAULT current_timestamp() ON UPDATE current_timestamp(),
  `created_at` timestamp NOT NULL DEFAULT '0000-00-00 00:00:00',
  `tags_description` text DEFAULT NULL,
  `gambar` varchar(100) NOT NULL,
  `meta_title` varchar(200) CHARACTER SET utf8 NOT NULL,
  `meta_keywords` varchar(200) CHARACTER SET utf8 NOT NULL,
  `meta_description` varchar(200) NOT NULL
) ENGINE=InnoDB DEFAULT CHARSET=latin1;

--
-- Dumping data untuk tabel `projects_tags`
--

INSERT INTO `projects_tags` (`tags_id`, `tags_title`, `slug`, `updated_at`, `created_at`, `tags_description`, `gambar`, `meta_title`, `meta_keywords`, `meta_description`) VALUES
(1, 'Waterproofing Membrane Bakar', 'waterproofing-membrane-bakar', '2020-08-19 07:55:16', '0000-00-00 00:00:00', NULL, '', '', '', ''),
(2, 'Injeksi Grouting', 'injeksi-grouting', '2020-08-19 08:13:27', '0000-00-00 00:00:00', NULL, '', '', '', ''),
(3, 'Injeksi Polyurethane', 'injeksi-polyurethane', '2020-08-19 08:13:27', '0000-00-00 00:00:00', NULL, '', '', '', ''),
(4, 'Injeksi Epoxy', 'injeksi-epoxy', '2020-08-19 08:15:21', '0000-00-00 00:00:00', NULL, '', '', '', ''),
(5, 'Waterproofing Coating', 'waterproofing-coating', '2020-08-19 08:16:42', '0000-00-00 00:00:00', NULL, '', '', '', '');

-- --------------------------------------------------------

--
-- Struktur dari tabel `promo`
--

CREATE TABLE `promo` (
  `id_promo` int(5) NOT NULL,
  `judul` varchar(100) NOT NULL,
  `slug` varchar(200) CHARACTER SET utf8 DEFAULT NULL,
  `isi_promo` text NOT NULL,
  `tgl_posting` date NOT NULL,
  `gambar` varchar(100) NOT NULL,
  `meta_title` varchar(200) CHARACTER SET utf8 NOT NULL,
  `meta_keywords` varchar(200) CHARACTER SET utf8 NOT NULL,
  `meta_description` varchar(200) NOT NULL,
  `position` int(8) NOT NULL
) ENGINE=MyISAM DEFAULT CHARSET=latin1;

--
-- Dumping data untuk tabel `promo`
--

INSERT INTO `promo` (`id_promo`, `judul`, `slug`, `isi_promo`, `tgl_posting`, `gambar`, `meta_title`, `meta_keywords`, `meta_description`, `position`) VALUES
(9, 'Amor Tower - Pakuwon Residences', 'amor-tower-pakuwon-residences', '<p>A new Icon in The Heart of Bekasi</p>', '2020-01-27', '3d00a97fad_1579844342_20191015105457_video_378.jpg', '', '', '', 6),
(25, 'pakuwon', 'pakuwon', '<p>sadas asd a</p>', '0000-00-00', 'b9ee3a7536_1595780072_72a819b2c335b9850ddabda4da966cc0.jpg', '', '', '', 4),
(24, 'Siap Kirim 24 Jam Jabodetabek zzzzzzzzzzz', 'siap-kirim-24-jam-jabodetabek-zzzzzzzzzzz', '<p>sd sad asd zzzzzzzzzzzz</p>', '0000-00-00', 'ce1025445e_1595777340_yG5VOP.jpg', 'Siap Kirim 24 Jam Jabodetabek', '', 'sd sad asd', 5),
(26, 'manager', 'manager', '', '0000-00-00', '231d686ae2_1595815192_hero_bg_4.jpg', '', '', '', 3),
(27, 'admin', 'admin', '', '0000-00-00', '8bb87e065f_1595816023_hero_bzg_1.jpg', '', '', '', 8),
(28, 'Hubungi Kami', 'hubungi-kami', '', '0000-00-00', '544dc10744_1595816080_img_3.jpg', '', '', '', 2),
(29, 'PAKUWON RESIDENCE BEKASI', 'pakuwon-residence-bekasi', '', '0000-00-00', '9914c975f7_1595819982_hero_bg_3.jpg', '', '', '', 7),
(30, 'sasass', 'sasass', '', '0000-00-00', 'dd795957d5_1595822359_img_5.jpg', '', '', '', 1),
(31, 'coba aja', 'coba-aja', '', '0000-00-00', '33e5491bea_1595825144_person_6.jpg', '', '', '', 9),
(32, 'Siap Kirim 24 Jam Jabodetabek zzzzz', 'siap-kirim-24-jam-jabodetabek-zzzzz', '', '0000-00-00', 'e9aa02efe4_1595833681_1026881.jpg', '', '', '', 10);

-- --------------------------------------------------------

--
-- Struktur dari tabel `schedules`
--

CREATE TABLE `schedules` (
  `id_schedules` int(5) NOT NULL,
  `id_kategori` int(5) NOT NULL,
  `username` varchar(30) COLLATE latin1_general_ci NOT NULL,
  `judul` varchar(100) COLLATE latin1_general_ci NOT NULL,
  `slug` varchar(200) COLLATE latin1_general_ci NOT NULL,
  `judul_seo` varchar(100) COLLATE latin1_general_ci NOT NULL,
  `headline` enum('Y','N') COLLATE latin1_general_ci NOT NULL DEFAULT 'Y',
  `isi_schedules` text COLLATE latin1_general_ci NOT NULL,
  `lokasi` varchar(100) COLLATE latin1_general_ci NOT NULL,
  `tgl_mulai` date NOT NULL,
  `tgl_selesai` date NOT NULL,
  `jam_mulai` varchar(50) COLLATE latin1_general_ci NOT NULL,
  `hari` varchar(20) COLLATE latin1_general_ci NOT NULL,
  `tanggal` date NOT NULL,
  `jam` time NOT NULL,
  `gambar` varchar(100) COLLATE latin1_general_ci NOT NULL,
  `dibaca` int(5) NOT NULL DEFAULT 1,
  `tag` varchar(100) COLLATE latin1_general_ci NOT NULL,
  `meta_title` varchar(200) COLLATE latin1_general_ci NOT NULL,
  `meta_keywords` varchar(200) COLLATE latin1_general_ci NOT NULL,
  `meta_description` varchar(200) COLLATE latin1_general_ci NOT NULL
) ENGINE=MyISAM DEFAULT CHARSET=latin1 COLLATE=latin1_general_ci;

-- --------------------------------------------------------

--
-- Struktur dari tabel `sections`
--

CREATE TABLE `sections` (
  `id` int(11) NOT NULL,
  `lft` int(11) UNSIGNED NOT NULL,
  `rgt` int(11) UNSIGNED NOT NULL,
  `title` varchar(255) NOT NULL,
  `modified` timestamp NOT NULL DEFAULT current_timestamp() ON UPDATE current_timestamp()
) ENGINE=InnoDB DEFAULT CHARSET=utf8;

--
-- Dumping data untuk tabel `sections`
--

INSERT INTO `sections` (`id`, `lft`, `rgt`, `title`, `modified`) VALUES
(1, 1, 38, 'ROOT', '2018-03-07 12:14:38'),
(127, 2, 3, 'Home', '2012-05-31 13:59:48'),
(128, 4, 9, 'Computer', '2012-05-31 13:59:50'),
(129, 12, 13, 'Mobil', '2012-05-31 13:59:50'),
(130, 14, 23, 'Internet', '2012-05-31 13:59:50'),
(131, 24, 25, 'Security', '2012-05-31 13:59:50'),
(132, 10, 11, 'Tech', '2012-05-31 13:59:50'),
(133, 5, 6, 'Hardware', '2012-05-31 13:59:50'),
(134, 7, 8, 'Software', '2012-05-31 13:59:50'),
(135, 15, 16, 'Social Networks', '2012-05-31 13:59:50'),
(136, 17, 18, 'Video Sharing', '2012-05-31 13:59:50'),
(137, 21, 22, 'Web Applications', '2012-05-31 13:59:50'),
(138, 19, 20, 'Blogs', '2012-05-31 13:59:50'),
(139, 26, 27, 'menu 1', '2018-03-07 12:07:47'),
(140, 28, 29, 'menu 1', '2018-03-07 12:08:06'),
(141, 30, 31, 'dsdsdsdasdsd', '2018-03-07 12:08:14'),
(142, 32, 33, 'dsdsdsdasdsd', '2018-03-07 12:08:21'),
(143, 34, 35, 'mitrawahanaindonesia', '2018-03-07 12:13:11'),
(144, 36, 37, 'coba fikar', '2018-03-07 12:14:38');

-- --------------------------------------------------------

--
-- Struktur dari tabel `sekilasinfo`
--

CREATE TABLE `sekilasinfo` (
  `id_sekilas` int(5) NOT NULL,
  `info` varchar(100) COLLATE latin1_general_ci NOT NULL,
  `tgl_posting` date NOT NULL,
  `gambar` varchar(100) COLLATE latin1_general_ci NOT NULL
) ENGINE=MyISAM DEFAULT CHARSET=latin1 COLLATE=latin1_general_ci;

--
-- Dumping data untuk tabel `sekilasinfo`
--

INSERT INTO `sekilasinfo` (`id_sekilas`, `info`, `tgl_posting`, `gambar`) VALUES
(1, 'Anak yang mengalami gangguan tidur, cenderung memakai obat2an dan alkohol berlebih saat dewasa.', '2010-04-11', 'news5.jpg'),
(2, 'WHO merilis, 30 persen anak-anak di dunia kecanduan menonton televisi dan bermain komputer.', '2010-04-11', 'news4.jpg'),
(3, 'Menurut peneliti di Detroit, orang yang selalu tersenyum lebar cenderung hidup lebih lama.', '2010-04-11', 'news3.jpg'),
(4, 'Menurut United Stated Trade Representatives, 25% obat yang beredar di Indonesia adalah palsu.', '2010-04-11', 'news2.jpg'),
(5, 'Presiden AS Barack Obama memesan Nasi Goreng di restoran Bali langsung dari Amerika', '2010-04-11', 'news1.jpg');

-- --------------------------------------------------------

--
-- Struktur dari tabel `sertifikat`
--

CREATE TABLE `sertifikat` (
  `id_sertifikat` int(5) NOT NULL,
  `id_kategori` int(5) NOT NULL,
  `id_tag` varchar(100) CHARACTER SET utf8 NOT NULL,
  `id_brand` int(5) NOT NULL,
  `judul` varchar(100) CHARACTER SET utf8 NOT NULL,
  `slug` varchar(200) CHARACTER SET utf8 DEFAULT NULL,
  `isi_sertifikat` text CHARACTER SET utf8 DEFAULT NULL,
  `tgl_posting` datetime NOT NULL DEFAULT current_timestamp(),
  `gambar` varchar(100) CHARACTER SET utf8 DEFAULT NULL,
  `meta_title` varchar(200) CHARACTER SET utf8 DEFAULT NULL,
  `meta_keywords` varchar(200) CHARACTER SET utf8 DEFAULT NULL,
  `meta_description` varchar(200) CHARACTER SET utf8 DEFAULT NULL,
  `sertifikat_views` int(11) DEFAULT 1,
  `username` varchar(100) CHARACTER SET utf8 DEFAULT NULL,
  `price` varchar(200) CHARACTER SET utf8 DEFAULT NULL,
  `id_categories` int(5) DEFAULT NULL
) ENGINE=MyISAM DEFAULT CHARSET=latin1;

--
-- Dumping data untuk tabel `sertifikat`
--

INSERT INTO `sertifikat` (`id_sertifikat`, `id_kategori`, `id_tag`, `id_brand`, `judul`, `slug`, `isi_sertifikat`, `tgl_posting`, `gambar`, `meta_title`, `meta_keywords`, `meta_description`, `sertifikat_views`, `username`, `price`, `id_categories`) VALUES
(1, 0, '', 0, 'Cheerson Hobby ', 'cheerson-hobby', '', '2019-03-04 15:53:11', '320c7ae582_1551689590_Cheerson-Logo.jpg', '', '', '', 0, 'admin', '', 0),
(2, 0, '', 0, 'Walkera', 'walkera', '', '2019-03-04 15:54:04', '180c06ecd0_1551689644_walkera-logo-e1424242288604.jpg', '', '', '', 0, 'admin', '', 0),
(3, 0, '', 0, 'UDI RC Toys', 'udi-rc-toys', '', '2019-03-04 15:54:31', '18f49dcc34_1551689671_udi-LOGO-e1424241433194.png', '', '', '', 0, 'admin', '', 0),
(4, 0, '', 0, 'Syma Toys', 'syma-toys', '', '2019-03-04 15:54:48', '98a92de8d8_1551689688_syma-LOGO-e1424240768837.png', '', '', '', 0, 'admin', '', 0),
(5, 0, '', 0, 'JJRC (JJRC Toy Co. Ltd)', 'jjrc-jjrc-toy-co-ltd', '', '2019-03-04 15:55:11', 'de293800ec_1551689711_jjrc-logo.jpg', '', '', '', 0, 'admin', '', 0),
(6, 0, '', 0, 'Blade', 'blade', '', '2019-03-04 15:55:27', '81fa748eca_1551689727_BLADE_logo-e1424239070840.jpg', '', '', '', 0, 'admin', '', 0),
(7, 0, '', 0, 'Hubsan', 'hubsan', '', '2019-03-04 15:55:42', '023b0eb723_1551689742_hubsan-logo.jpg', '', '', '', 0, 'admin', '', 0),
(8, 0, '', 0, 'Autel Robotics', 'autel-robotics', '', '2019-03-04 15:55:59', '76d2383897_1551689759_AUTEL.jpg', '', '', '', 0, 'admin', '', 0);

-- --------------------------------------------------------

--
-- Struktur dari tabel `sertifikat_tagmap`
--

CREATE TABLE `sertifikat_tagmap` (
  `id_tagmap` int(5) NOT NULL,
  `tags_id` int(5) NOT NULL,
  `id_sertifikat` int(5) NOT NULL,
  `post_type` varchar(200) NOT NULL
) ENGINE=MyISAM DEFAULT CHARSET=latin1;

-- --------------------------------------------------------

--
-- Struktur dari tabel `sertifikat_tags`
--

CREATE TABLE `sertifikat_tags` (
  `tags_id` int(5) NOT NULL,
  `tags_title` varchar(100) NOT NULL,
  `slug` varchar(200) NOT NULL,
  `updated_at` timestamp NOT NULL DEFAULT current_timestamp() ON UPDATE current_timestamp(),
  `created_at` timestamp NOT NULL DEFAULT '0000-00-00 00:00:00',
  `tags_description` text DEFAULT NULL,
  `gambar` varchar(100) NOT NULL,
  `meta_title` varchar(200) CHARACTER SET utf8 NOT NULL,
  `meta_keywords` varchar(200) CHARACTER SET utf8 NOT NULL,
  `meta_description` varchar(200) NOT NULL
) ENGINE=InnoDB DEFAULT CHARSET=latin1;

-- --------------------------------------------------------

--
-- Struktur dari tabel `services`
--

CREATE TABLE `services` (
  `id_services` int(5) NOT NULL,
  `id_kategori` int(5) NOT NULL,
  `id_tag` varchar(100) CHARACTER SET utf8 NOT NULL,
  `id_brand` int(5) NOT NULL,
  `judul` varchar(100) CHARACTER SET utf8 NOT NULL,
  `slug` varchar(200) CHARACTER SET utf8 DEFAULT NULL,
  `isi_services` text CHARACTER SET utf8 NOT NULL,
  `created_time` datetime NOT NULL DEFAULT current_timestamp(),
  `gambar` varchar(100) CHARACTER SET utf8 NOT NULL,
  `meta_title` varchar(200) CHARACTER SET utf8 NOT NULL,
  `meta_keywords` varchar(200) CHARACTER SET utf8 NOT NULL,
  `meta_description` varchar(200) CHARACTER SET utf8 NOT NULL,
  `dibaca` int(5) DEFAULT 1,
  `services_views` int(11) DEFAULT 0,
  `username` varchar(100) CHARACTER SET utf8 NOT NULL,
  `price` varchar(200) CHARACTER SET utf8 DEFAULT NULL,
  `id_categories` int(5) NOT NULL
) ENGINE=MyISAM DEFAULT CHARSET=latin1;

--
-- Dumping data untuk tabel `services`
--

INSERT INTO `services` (`id_services`, `id_kategori`, `id_tag`, `id_brand`, `judul`, `slug`, `isi_services`, `created_time`, `gambar`, `meta_title`, `meta_keywords`, `meta_description`, `dibaca`, `services_views`, `username`, `price`, `id_categories`) VALUES
(1, 0, '', 0, 'Sealant', 'sealant', '', '2020-08-19 14:45:50', '5d5d420e71_1597823150_DcvtG8dW0AAxvP_.jpg', 'Sealant', '', '', 1, 0, 'admin', NULL, 0),
(2, 0, '', 0, 'Waterproofing Coating', 'waterproofing-coating', '', '2020-08-20 14:41:11', '7e0e2c44cc_1597909271_waterproofing_coating.jpeg', 'Waterproofing Coating', '', '', 1, 1, 'admin', NULL, 0),
(3, 0, '', 0, 'Waterproofing membrane bakar', 'waterproofing-membrane-bakar', '', '2020-08-20 14:43:36', '3facf6cd49_1597909416_aplikasi_membrane_bakar.jpeg', 'Waterproofing membrane bakar', '', '', 1, 1, 'admin', NULL, 0),
(4, 0, '', 0, 'Injeksi Epoxy', 'injeksi-epoxy', '', '2020-08-20 14:46:33', '2e68c8ccd7_1597909593_injeksi_epoxy.jpeg', 'Injeksi Epoxy', '', '', 1, 0, 'admin', NULL, 0),
(5, 0, '', 0, 'Injeksi Polyurethane', 'injeksi-polyurethane', '', '2020-08-20 14:47:43', '92f6948d5f_1597909663_Injeksi_Polyurethane.jpeg', 'Injeksi Polyurethane', '', '', 1, 1, 'admin', NULL, 0),
(6, 0, '', 0, 'Injeksi Grouting', 'injeksi-grouting', '', '2020-08-20 14:54:25', '646a5729e3_1597910065_injeksi_grouting2.jpeg', 'Injeksi Grouting', '', '', 1, 0, 'admin', NULL, 0);

-- --------------------------------------------------------

--
-- Struktur dari tabel `services_tagmap`
--

CREATE TABLE `services_tagmap` (
  `id_tagmap` int(5) NOT NULL,
  `tags_id` int(5) NOT NULL,
  `id_services` int(5) NOT NULL,
  `post_type` varchar(200) NOT NULL
) ENGINE=MyISAM DEFAULT CHARSET=latin1;

-- --------------------------------------------------------

--
-- Struktur dari tabel `services_tags`
--

CREATE TABLE `services_tags` (
  `tags_id` int(5) NOT NULL,
  `tags_title` varchar(100) NOT NULL,
  `slug` varchar(200) NOT NULL,
  `updated_at` timestamp NOT NULL DEFAULT current_timestamp() ON UPDATE current_timestamp(),
  `created_at` timestamp NOT NULL DEFAULT '0000-00-00 00:00:00',
  `tags_description` text DEFAULT NULL,
  `gambar` varchar(100) NOT NULL,
  `meta_title` varchar(200) CHARACTER SET utf8 NOT NULL,
  `meta_keywords` varchar(200) CHARACTER SET utf8 NOT NULL,
  `meta_description` varchar(200) NOT NULL
) ENGINE=InnoDB DEFAULT CHARSET=latin1;

--
-- Dumping data untuk tabel `services_tags`
--

INSERT INTO `services_tags` (`tags_id`, `tags_title`, `slug`, `updated_at`, `created_at`, `tags_description`, `gambar`, `meta_title`, `meta_keywords`, `meta_description`) VALUES
(1, '', '0', '2020-08-19 07:43:52', '0000-00-00 00:00:00', NULL, '', '', '', '');

-- --------------------------------------------------------

--
-- Struktur dari tabel `settings`
--

CREATE TABLE `settings` (
  `name` varchar(255) NOT NULL,
  `value` varchar(255) NOT NULL,
  `tab` varchar(50) NOT NULL,
  `field_type` varchar(50) NOT NULL,
  `options` varchar(200) NOT NULL,
  `required` int(1) NOT NULL DEFAULT 1
) ENGINE=InnoDB DEFAULT CHARSET=utf8;

--
-- Dumping data untuk tabel `settings`
--

INSERT INTO `settings` (`name`, `value`, `tab`, `field_type`, `options`, `required`) VALUES
('admin_email', 'fikarcare4u@gmail.com', 'email', 'text', '', 1),
('allow_comments', '1', 'comments', 'dropdown', '1=yes|0=no', 1),
('allow_registrations', 'true', 'users', 'dropdown', 'true=yes|false=no', 1),
('base_controller', 'pages', 'general', 'dropdown', 'blog=blog|pages=pages', 1),
('blog_description', 'A blog application written with CodeIgniter. Requires PHP and MySQL', 'general', 'text', '', 0),
('category_list_limit', '10', 'limits', 'dropdown', '10=10|20=20|30=30', 1),
('email_activation', 'true', 'users', 'dropdown', 'true=yes|false=no', 1),
('links_per_box', '10', 'limits', 'dropdown', '10=10|20=20|30=30', 1),
('mail_protocol', 'mail', 'email', 'dropdown', 'mail=mail|smtp=smtp|sendmail=sendmail', 1),
('manual_activation', 'false', 'users', 'dropdown', 'true=yes|false=no', 1),
('meta_description', '', 'seo', 'text', '', 0),
('meta_keyword', 'sdasdasd', 'seo', 'text', '', 0),
('meta_title', 'SEWA GENSET MURAH JABODETABEK', 'seo', 'text', '', 0),
('mod_non_user_comments', '1', 'comments', 'dropdown', '1=yes|0=no', 1),
('mod_user_comments', '0', 'comments', 'dropdown', '1=yes|0=no', 1),
('months_per_archive', '10', 'limits', 'dropdown', '10=10|20=20|30=30', 1),
('posts_per_page', '10', 'limits', 'dropdown', '10=10|20=20|30=30', 1),
('recaptcha_private_key', '', 'captcha', 'text', '', 0),
('recaptcha_site_key', '', 'captcha', 'text', '', 0),
('sendmail_path', '/usr/sbin/sendmail', 'email', 'text', '', 0),
('server_email', 'fikarcare4u@gmail.com', 'email', 'text', '', 1),
('site_background', '', 'general', 'text', '', 0),
('site_description', 'perusahaan bergerak di bidang aplikator dan penjualan. Semua jenis pekerjaan waterproofing dan injeksi Beton dan semua perbaikan Beton. Beton bocor, retak, dan keropos', 'general', 'text', '', 0),
('site_favicon', 'sarjanamudatekniklogo.png', 'general', 'image', '', 0),
('site_header', 'home-sarjanamudateknik_com-2.jpg', 'general', 'image', '', 0),
('site_icon', '', 'general', 'text', '', 0),
('site_logo', 'sarjanamudatekniklogo.png', 'general', 'image', '', 0),
('site_name', 'CV SARJANA MUDA TEKNIK - Spesialis Waterproofing dan Injection Concrete', 'general', 'text', '', 1),
('site_url', 'https://sarjanamudateknik.com/', 'general', 'text', '', 1),
('smtp_crypto', 'tls', 'email', 'dropdown', 'tls=TLS|ssl=SSL', 0),
('smtp_host', '', 'email', 'text', '', 0),
('smtp_pass', '', 'email', 'text', '', 0),
('smtp_port', '', 'email', 'text', '', 0),
('smtp_user', '', 'email', 'text', '', 0),
('use_honeypot', '0', 'captcha', 'dropdown', '1=yes|0=no', 1),
('use_recaptcha', '0', 'captcha', 'dropdown', '1=yes|0=no', 1);

-- --------------------------------------------------------

--
-- Struktur dari tabel `shoutbox`
--

CREATE TABLE `shoutbox` (
  `id_shoutbox` int(5) NOT NULL,
  `nama` varchar(100) COLLATE latin1_general_ci NOT NULL,
  `website` varchar(50) COLLATE latin1_general_ci NOT NULL,
  `pesan` text COLLATE latin1_general_ci NOT NULL,
  `tanggal` date NOT NULL,
  `jam` time NOT NULL,
  `aktif` enum('Y','N') COLLATE latin1_general_ci NOT NULL DEFAULT 'Y'
) ENGINE=MyISAM DEFAULT CHARSET=latin1 COLLATE=latin1_general_ci;

--
-- Dumping data untuk tabel `shoutbox`
--

INSERT INTO `shoutbox` (`id_shoutbox`, `nama`, `website`, `pesan`, `tanggal`, `jam`, `aktif`) VALUES
(1, 'lukman', 'lukman.com', 'tes :-) aja ;-D ha ha ha <:D>', '2009-11-02', '00:00:00', 'Y'),
(2, 'hakim', 'hakim.com', 'tes :-) aja ;-D ha ha ha <:D>\r\ndfa\r\nfdas\r\nfdsa\r\nfdasf\r\n:-(', '2009-11-02', '00:00:00', 'Y'),
(5, 'iin', 'uin-suka.ac.id', 'tes aja euy ;-D boiii', '2016-10-20', '08:21:39', 'Y');

-- --------------------------------------------------------

--
-- Struktur dari tabel `slide`
--

CREATE TABLE `slide` (
  `id_slide` int(5) NOT NULL,
  `judul` varchar(100) NOT NULL,
  `slug` varchar(200) CHARACTER SET utf8 DEFAULT NULL,
  `isi_slide` text NOT NULL,
  `tgl_posting` date NOT NULL,
  `gambar` varchar(100) NOT NULL,
  `meta_title` varchar(200) CHARACTER SET utf8 NOT NULL,
  `meta_keywords` varchar(200) CHARACTER SET utf8 NOT NULL,
  `meta_description` varchar(200) NOT NULL,
  `position` int(8) NOT NULL DEFAULT 100
) ENGINE=MyISAM DEFAULT CHARSET=latin1;

--
-- Dumping data untuk tabel `slide`
--

INSERT INTO `slide` (`id_slide`, `judul`, `slug`, `isi_slide`, `tgl_posting`, `gambar`, `meta_title`, `meta_keywords`, `meta_description`, `position`) VALUES
(25, 'Spesialis Waterproofing dan Injection Concrete', 'spesialis-waterproofing-dan-injection-concrete', '<p>Kami hadir untuk membantu anda menyelesaikan permasalahan pada bangunan proyek anda, dengan pelayanan yang terbaik dan berkualitas.</p>', '0000-00-00', '26a852fc1c_1597839463_home_sarjanamudateknik_com_2.jpg', 'Spesialis Waterproofing dan Injection Concrete', '', 'Kami hadir untuk membantu anda menyelesaikan permasalahan pada bangunan proyek anda, dengan pelayanan yang terbaik dan berkualitas.', 100),
(24, 'Selamat Datang di sarjamamudateknik.com', 'selamat-datang-di-sarjamamudateknikcom', '<p>Spesialis Waterproofing dan Injection Concrite</p>', '0000-00-00', '29d6a48ea0_1597740229_sarjanamudateknik_com.jpeg', 'Siap Kirim 24 Jam Jabodetabek', '', 'sd sad asd', 1);

-- --------------------------------------------------------

--
-- Struktur dari tabel `slides_groups`
--

CREATE TABLE `slides_groups` (
  `id` smallint(4) UNSIGNED NOT NULL,
  `name` varchar(100) COLLATE utf8_unicode_ci NOT NULL,
  `slug` varchar(100) COLLATE utf8_unicode_ci NOT NULL
) ENGINE=InnoDB DEFAULT CHARSET=utf8 COLLATE=utf8_unicode_ci;

--
-- Dumping data untuk tabel `slides_groups`
--

INSERT INTO `slides_groups` (`id`, `name`, `slug`) VALUES
(1, 'home', 'home');

-- --------------------------------------------------------

--
-- Struktur dari tabel `slides_lists`
--

CREATE TABLE `slides_lists` (
  `id` mediumint(8) UNSIGNED NOT NULL,
  `name` varchar(100) CHARACTER SET utf8 NOT NULL,
  `slug` varchar(200) COLLATE utf8_unicode_ci NOT NULL,
  `content` text COLLATE utf8_unicode_ci NOT NULL,
  `position` mediumint(8) UNSIGNED NOT NULL DEFAULT 100,
  `parent_id` mediumint(8) UNSIGNED NOT NULL DEFAULT 0,
  `group_id` smallint(4) UNSIGNED NOT NULL,
  `icon` varchar(20) COLLATE utf8_unicode_ci NOT NULL,
  `gambar` varchar(200) COLLATE utf8_unicode_ci NOT NULL,
  `meta_title` varchar(200) COLLATE utf8_unicode_ci NOT NULL,
  `meta_keywords` varchar(200) COLLATE utf8_unicode_ci NOT NULL,
  `meta_description` varchar(200) COLLATE utf8_unicode_ci NOT NULL,
  `tgl_posting` date NOT NULL
) ENGINE=InnoDB DEFAULT CHARSET=utf8 COLLATE=utf8_unicode_ci;

--
-- Dumping data untuk tabel `slides_lists`
--

INSERT INTO `slides_lists` (`id`, `name`, `slug`, `content`, `position`, `parent_id`, `group_id`, `icon`, `gambar`, `meta_title`, `meta_keywords`, `meta_description`, `tgl_posting`) VALUES
(2, 'ganti Lorem Ipsum placeholder text aaaaaaaaaaaaaaaa', 'ganti-lorem-ipsum-placeholder-text-aaaaaaaaaaaaaaaa-1', '<p>Lorem ipsum dolor sit amet, consectetur adipiscing elit, sed do eiusmod tempor incididunt ut labore et dolore magna aliqua. Quam vulputate dignissim suspendisse in est ante in nibh mauris. Morbi tincidunt ornare massa eget egestas purus viverra accumsan. Neque vitae tempus quam pellentesque. Sit amet venenatis urna cursus eget nunc. Massa eget egestas purus viverra accumsan. Pharetra pharetra massa massa ultricies mi quis hendrerit. A erat nam at lectus. Tempus imperdiet nulla malesuada pellentesque elit. Quis imperdiet massa tincidunt nunc pulvinar sapien. Tincidunt dui ut ornare lectus sit amet est. Parturient montes nascetur ridiculus mus mauris vitae ultricies.</p>\r\n<p>Morbi tristique senectus et netus. Lectus proin nibh nisl condimentum. Quis hendrerit dolor magna eget est lorem ipsum. Nunc vel risus commodo viverra maecenas accumsan. Vel turpis nunc eget lorem dolor sed viverra ipsum. Pretium lectus quam id leo in vitae turpis massa. Mus mauris vitae ultricies leo integer. Ultricies tristique nulla aliquet enim tortor at. Felis donec et odio pellentesque diam. Id nibh tortor id aliquet. Eleifend donec pretium vulputate sapien. Senectus et netus et malesuada fames ac turpis egestas sed. Purus faucibus ornare suspendisse sed nisi lacus sed viverra. Ullamcorper velit sed ullamcorper morbi tincidunt ornare massa eget. Lacus sed turpis tincidunt id aliquet risus feugiat. Velit euismod in pellentesque massa placerat duis ultricies lacus sed. Ultrices vitae auctor eu augue ut lectus. Eget aliquet nibh praesent tristique.</p>', 2, 0, 1, 'fa-list', '59a8ee2c6d_1535540706_cnth.jpg', '', '', '', '2018-08-29'),
(3, 'Polyoretane', 'polyoretane-1', '', 3, 0, 1, 'fa-list', '83ac019986_1535542435_fc34f61d23b74be53ee07d469bd32064_XL.jpg', '', '', '', '0000-00-00'),
(4, 'Waterproofing Coating', 'waterproofing-coating-1', '<p>sdasdasdad</p>', 1, 0, 1, 'fa-list', 'bf3cfa4044_1535539712_2_gx8w8t.jpg', '', '', '', '0000-00-00');

-- --------------------------------------------------------

--
-- Struktur dari tabel `slide_groups`
--

CREATE TABLE `slide_groups` (
  `id` smallint(4) UNSIGNED NOT NULL,
  `name` varchar(100) COLLATE utf8_unicode_ci NOT NULL,
  `slug` varchar(100) COLLATE utf8_unicode_ci NOT NULL
) ENGINE=InnoDB DEFAULT CHARSET=utf8 COLLATE=utf8_unicode_ci;

--
-- Dumping data untuk tabel `slide_groups`
--

INSERT INTO `slide_groups` (`id`, `name`, `slug`) VALUES
(1, 'Slideshow', 'slideshow');

-- --------------------------------------------------------

--
-- Struktur dari tabel `slide_lists`
--

CREATE TABLE `slide_lists` (
  `id` mediumint(8) UNSIGNED NOT NULL,
  `name` varchar(100) CHARACTER SET utf8 NOT NULL,
  `slug` varchar(200) COLLATE utf8_unicode_ci NOT NULL,
  `content` text COLLATE utf8_unicode_ci NOT NULL,
  `position` mediumint(8) UNSIGNED NOT NULL DEFAULT 100,
  `parent_id` mediumint(8) UNSIGNED NOT NULL DEFAULT 0,
  `group_id` smallint(4) UNSIGNED NOT NULL,
  `icon` varchar(20) COLLATE utf8_unicode_ci NOT NULL,
  `gambar` varchar(100) COLLATE utf8_unicode_ci NOT NULL,
  `meta_title` varchar(200) COLLATE utf8_unicode_ci NOT NULL,
  `meta_keywords` varchar(200) COLLATE utf8_unicode_ci NOT NULL,
  `meta_description` varchar(200) COLLATE utf8_unicode_ci NOT NULL,
  `tgl_posting` date NOT NULL
) ENGINE=InnoDB DEFAULT CHARSET=utf8 COLLATE=utf8_unicode_ci;

--
-- Dumping data untuk tabel `slide_lists`
--

INSERT INTO `slide_lists` (`id`, `name`, `slug`, `content`, `position`, `parent_id`, `group_id`, `icon`, `gambar`, `meta_title`, `meta_keywords`, `meta_description`, `tgl_posting`) VALUES
(1, 'Projectsku', 'projectsku', '', 1, 0, 1, 'fa-list', '', '', '', '', '0000-00-00'),
(2, 'contoh slideshow', 'contoh-slideshow', '', 2, 0, 1, 'fa-list-alt', '', '', '', '', '0000-00-00'),
(3, 'Type 2 Badroom new', 'type-2-badroom-new', '', 3, 0, 1, 'fa-list-alt', '', '', '', '', '0000-00-00');

-- --------------------------------------------------------

--
-- Struktur dari tabel `statistik`
--

CREATE TABLE `statistik` (
  `ip` varchar(20) NOT NULL DEFAULT '',
  `tanggal` date NOT NULL,
  `hits` int(10) NOT NULL DEFAULT 1,
  `online` varchar(255) NOT NULL
) ENGINE=MyISAM DEFAULT CHARSET=latin1;

--
-- Dumping data untuk tabel `statistik`
--

INSERT INTO `statistik` (`ip`, `tanggal`, `hits`, `online`) VALUES
('127.0.0.2', '2009-09-11', 1, '1252681630'),
('127.0.0.1', '2009-09-11', 17, '1252734209'),
('127.0.0.3', '2009-09-12', 8, '1252817594'),
('127.0.0.1', '2009-10-24', 8, '1256381921'),
('127.0.0.1', '2009-10-26', 108, '1256620074'),
('127.0.0.1', '2009-10-27', 52, '1256686769'),
('127.0.0.1', '2009-10-28', 124, '1256792223'),
('127.0.0.1', '2009-10-29', 9, '1256828032'),
('127.0.0.1', '2009-10-31', 3, '1257047101'),
('127.0.0.1', '2009-11-01', 85, '1257113554'),
('127.0.0.1', '2009-11-02', 11, '1257207543'),
('127.0.0.1', '2009-11-03', 165, '1257292312'),
('127.0.0.1', '2009-11-04', 59, '1257403499'),
('127.0.0.1', '2009-11-05', 10, '1257433172'),
('127.0.0.1', '2009-11-11', 13, '1258006911'),
('127.0.0.1', '2009-11-12', 10, '1258048069'),
('127.0.0.1', '2009-11-14', 14, '1258222519'),
('127.0.0.1', '2009-11-17', 2, '1258473856'),
('127.0.0.1', '2009-11-19', 16, '1258635469'),
('127.0.0.1', '2009-11-21', 4, '1258863505'),
('127.0.0.1', '2009-11-25', 3, '1259216216'),
('127.0.0.1', '2009-11-26', 1, '1259222467'),
('127.0.0.1', '2009-11-30', 11, '1259651841'),
('127.0.0.1', '2009-12-02', 9, '1259746407'),
('127.0.0.1', '2009-12-03', 17, '1259906128'),
('127.0.0.1', '2009-12-10', 69, '1260423794'),
('127.0.0.1', '2009-12-12', 26, '1260560082'),
('127.0.0.1', '2009-12-11', 5, '1260508621'),
('127.0.0.1', '2009-12-13', 8, '1260716786'),
('127.0.0.1', '2009-12-14', 9, '1260772698'),
('127.0.0.1', '2009-12-15', 9, '1260837158'),
('127.0.0.1', '2009-12-16', 7, '1260905627'),
('127.0.0.1', '2009-12-17', 48, '1261026791'),
('127.0.0.1', '2009-12-18', 11, '1261088534'),
('127.0.0.1', '2009-12-22', 3, '1261477278'),
('127.0.0.1', '2009-12-25', 2, '1261686043'),
('127.0.0.1', '2009-12-26', 29, '1261835507'),
('127.0.0.1', '2009-12-27', 7, '1261920445'),
('127.0.0.1', '2009-12-28', 3, '1261965611'),
('127.0.0.1', '2009-12-29', 21, '1262024011'),
('127.0.0.1', '2009-12-30', 24, '1262146708'),
('127.0.0.1', '2010-01-01', 12, '1262286131'),
('127.0.0.1', '2010-01-03', 38, '1262529325'),
('127.0.0.1', '2010-01-12', 89, '1263264291'),
('127.0.0.1', '2010-01-14', 54, '1263482540'),
('127.0.0.1', '2010-01-15', 57, '1263506901'),
('127.0.0.1', '2010-02-11', 30, '1265831568'),
('127.0.0.1', '2010-02-13', 2, '1266032303'),
('127.0.0.1', '2010-02-14', 3, '1266115347'),
('127.0.0.1', '2010-02-15', 15, '1266195235'),
('127.0.0.1', '2010-02-18', 1, '1266499945'),
('127.0.0.1', '2010-02-22', 5, '1266856332'),
('127.0.0.1', '2010-02-25', 46, '1267103145'),
('127.0.0.1', '2010-05-12', 10, '1273654648'),
('127.0.0.1', '2010-05-16', 195, '1274026185'),
('127.0.0.1', '2010-05-17', 2, '1274029517'),
('127.0.0.1', '2010-05-19', 1, '1274279374'),
('127.0.0.1', '2010-05-27', 16, '1274967085'),
('127.0.0.1', '2010-05-30', 4, '1275192045'),
('127.0.0.1', '2010-05-31', 13, '1275271939'),
('127.0.0.1', '2010-06-05', 1, '1275676869'),
('127.0.0.1', '2010-06-06', 2, '1275842170'),
('127.0.0.1', '2010-06-15', 3, '1276572924'),
('127.0.0.1', '2010-06-22', 206, '1277221605'),
('127.0.0.1', '2010-08-02', 17, '1280754660'),
('127.0.0.1', '2010-08-20', 7, '1282285305'),
('127.0.0.1', '2010-08-30', 21, '1283185430'),
('127.0.0.1', '2010-08-31', 53, '1283207455'),
('127.0.0.1', '2010-09-02', 133, '1283402651'),
('127.0.0.1', '2010-09-05', 35, '1283702206'),
('127.0.0.1', '2010-09-13', 10, '1284370291'),
('127.0.0.1', '2010-09-17', 12, '1284662303'),
('127.0.0.1', '2010-09-22', 2, '1285091212'),
('127.0.0.1', '2010-09-23', 47, '1285254071'),
('127.0.0.1', '2010-09-26', 32, '1285512806'),
('127.0.0.1', '2010-09-27', 48, '1285529871'),
('127.0.0.1', '2011-01-19', 18, '1295395096'),
('127.0.0.1', '2011-01-21', 6, '1295580166'),
('127.0.0.1', '2011-01-22', 3, '1295639704'),
('127.0.0.1', '2011-01-25', 2, '1295895420'),
('127.0.0.1', '2011-01-27', 20, '1296145564'),
('127.0.0.1', '2011-01-28', 5, '1296150116'),
('127.0.0.1', '2011-02-01', 10, '1296555613'),
('127.0.0.1', '2011-02-02', 1, '1296657225'),
('127.0.0.1', '2011-02-05', 3, '1296875908'),
('127.0.0.1', '2011-02-07', 5, '1297090649'),
('127.0.0.1', '2011-02-09', 182, '1297254341'),
('127.0.0.1', '2011-02-10', 268, '1297355704'),
('127.0.0.1', '2011-02-16', 6, '1297824002'),
('127.0.0.1', '2011-02-17', 2, '1297945065'),
('127.0.0.1', '2011-12-28', 12, '1325081007'),
('127.0.0.1', '2011-12-29', 13, '1325167281'),
('127.0.0.1', '2011-12-31', 34, '1325296088'),
('127.0.0.1', '2012-01-02', 1, '1325449458'),
('127.0.0.1', '2012-01-03', 55, '1325601219'),
('127.0.0.1', '2012-01-04', 1, '1325630436'),
('127.0.0.1', '2012-02-08', 86, '1328720292'),
('127.0.0.1', '2012-02-09', 110, '1328798857'),
('127.0.0.1', '2012-02-10', 87, '1328871532'),
('127.0.0.1', '2012-02-11', 16, '1328899301'),
('127.0.0.1', '2012-03-31', 87, '1333186737'),
('127.0.0.1', '2012-04-01', 69, '1333248528'),
('127.0.0.1', '2012-04-02', 9, '1333338582'),
('127.0.0.1', '2012-04-03', 31, '1333456570'),
('127.0.0.1', '2012-04-04', 2, '1333498207'),
('127.0.0.1', '2012-04-05', 5, '1333628029'),
('127.0.0.1', '2012-04-08', 22, '1333871463'),
('127.0.0.1', '2012-04-09', 109, '1333972788'),
('127.0.0.1', '2012-04-10', 70, '1334024998'),
('127.0.0.1', '2012-05-01', 8, '1335889888'),
('127.0.0.1', '2012-05-02', 17, '1335935829'),
('127.0.0.1', '2012-05-27', 6, '1338133681'),
('127.0.0.1', '2012-05-29', 22, '1338304361'),
('127.0.0.1', '2012-05-30', 5, '1338389383'),
('127.0.0.1', '2012-05-31', 5, '1338408772'),
('127.0.0.1', '2012-06-01', 5, '1338567612'),
('127.0.0.1', '2012-07-01', 10, '1341152776'),
('127.0.0.1', '2012-07-29', 12, '1343572702'),
('127.0.0.1', '2012-07-30', 15, '1343658587'),
('127.0.0.1', '2012-07-31', 179, '1343743877'),
('127.0.0.1', '2012-08-03', 11, '1344000498'),
('127.0.0.1', '2012-08-08', 28, '1344364863'),
('127.0.0.1', '2012-08-09', 7, '1344477542'),
('127.0.0.1', '2012-08-10', 1, '1344601882'),
('::1', '2016-10-18', 6, '1476804903'),
('::1', '2016-10-19', 8, '1476875211'),
('::1', '2016-10-20', 3, '1476945959'),
('::1', '2016-10-29', 317, '1477747478'),
('::1', '2016-10-30', 1, '1477784305'),
('::1', '2017-05-09', 20, '1494349047'),
('::1', '2017-05-10', 237, '1494421263'),
('::1', '2017-07-03', 159, '1499045917'),
('::1', '2018-01-18', 99, '1516291100'),
('::1', '2018-01-31', 14, '1517377692'),
('::1', '2018-02-03', 38, '1517671320'),
('::1', '2018-02-05', 9, '1517841086'),
('::1', '2018-02-12', 32, '1518443388'),
('::1', '2018-02-13', 4, '1518497507'),
('::1', '2018-02-17', 1, '1518801127'),
('::1', '2018-02-25', 34, '1519577937'),
('::1', '2018-02-26', 58, '1519584716'),
('::1', '2018-02-28', 46, '1519834907'),
('::1', '2018-03-01', 77, '1519920680'),
('192.168.43.1', '2018-03-01', 8, '1519903721'),
('::1', '2018-03-02', 24, '1520009623'),
('::1', '2018-03-03', 198, '1520096385'),
('::1', '2018-03-04', 87, '1520182764'),
('::1', '2018-03-05', 205, '1520268071'),
('::1', '2018-03-06', 3, '1520346052'),
('::1', '2018-03-07', 46, '1520428995'),
('::1', '2018-03-08', 2, '1520511907'),
('::1', '2018-03-09', 2, '1520589960'),
('::1', '2018-03-11', 1, '1520770527'),
('::1', '2018-03-12', 195, '1520873921'),
('::1', '2018-03-13', 647, '1520955236'),
('192.168.43.1', '2018-03-13', 14, '1520902335'),
('::1', '2018-03-14', 80, '1521014249'),
('::1', '2018-03-15', 203, '1521127082'),
('::1', '2018-03-16', 75, '1521212606'),
('::1', '2018-03-17', 48, '1521256647'),
('::1', '2018-03-19', 45, '1521478100'),
('::1', '2018-03-20', 369, '1521563245'),
('192.168.43.1', '2018-03-20', 4, '1521483707'),
('::1', '2018-03-21', 45, '1521632375'),
('::1', '2018-03-22', 116, '1521706693'),
('::1', '2018-03-27', 17, '1522143730'),
('::1', '2018-03-28', 391, '1522256380'),
('::1', '2018-03-29', 31, '1522335869'),
('::1', '2018-03-30', 32, '1522372630'),
('::1', '2018-03-31', 485, '1522507740'),
('::1', '2018-04-01', 534, '1522593354'),
('192.168.43.1', '2018-04-01', 48, '1522589683'),
('::1', '2018-04-02', 569, '1522690852'),
('::1', '2018-04-03', 14, '1522691065'),
('::1', '2018-04-18', 24, '1524029676'),
('::1', '2018-04-19', 15, '1524114795'),
('::1', '2018-04-22', 42, '1524401816'),
('::1', '2018-04-23', 148, '1524466852'),
('::1', '2018-04-24', 94, '1524554011'),
('::1', '2018-04-26', 249, '1524761704'),
('::1', '2018-04-27', 96, '1524804617'),
('::1', '2018-04-28', 84, '1524877820'),
('::1', '2018-04-30', 286, '1525048498'),
('::1', '2018-04-29', 4, '1525037757'),
('::1', '2018-05-03', 44, '1525381021'),
('::1', '2018-05-04', 2, '1525467832'),
('::1', '2018-05-05', 53, '1525507797'),
('::1', '2018-05-07', 284, '1525681450'),
('192.168.43.1', '2018-05-07', 15, '1525677785'),
('::1', '2018-05-08', 1290, '1525796303'),
('192.168.43.1', '2018-05-08', 345, '1525796186'),
('192.168.43.149', '2018-05-08', 1, '1525768845'),
('::1', '2018-05-09', 211, '1525853694'),
('192.168.43.1', '2018-05-09', 47, '1525846662'),
('::1', '2018-05-10', 96, '1525945276'),
('::1', '2018-05-11', 31, '1526062892'),
('::1', '2018-05-12', 1, '1526087069'),
('::1', '2018-05-13', 3, '1526221802'),
('127.0.0.1', '2018-05-14', 1, '1526274709'),
('::1', '2018-05-14', 206, '1526314041'),
('::1', '2018-05-16', 77, '1526495638'),
('::1', '2018-05-18', 468, '1526658136'),
('192.168.43.1', '2018-05-18', 84, '1526655799'),
('::1', '2018-05-19', 30, '1526737907'),
('::1', '2018-05-20', 368, '1526831197'),
('::1', '2018-05-21', 284, '1526890318'),
('192.168.43.1', '2018-05-21', 35, '1526890834'),
('::1', '2018-05-24', 134, '1527174307'),
('::1', '2018-05-25', 156, '1527273880'),
('::1', '2018-05-28', 21, '1527479643'),
('::1', '2018-05-29', 50, '1527602389'),
('::1', '2018-05-30', 30, '1527657783'),
('::1', '2018-05-31', 28, '1527738890'),
('::1', '2018-06-01', 18, '1527825232'),
('::1', '2018-06-02', 3, '1527919856'),
('::1', '2018-06-06', 24, '1528290674'),
('::1', '2018-06-07', 275, '1528397595'),
('::1', '2018-06-08', 50, '1528392960'),
('::1', '2018-06-09', 762, '1528578349'),
('::1', '2018-06-10', 296, '1528636692'),
('::1', '2018-06-22', 132, '1529682898'),
('::1', '2018-06-25', 24, '1529909525'),
('::1', '2018-06-26', 349, '1530034267'),
('::1', '2018-06-27', 78, '1530122210'),
('::1', '2018-07-11', 348, '1531311051'),
('::1', '2018-07-12', 937, '1531412665'),
('::1', '2018-07-13', 217, '1531504934'),
('::1', '2018-07-16', 15, '1531718086'),
('::1', '2018-07-20', 59, '1532102269'),
('::1', '2018-07-21', 35, '1532198766'),
('::1', '2018-07-22', 311, '1532282127'),
('::1', '2018-07-23', 187, '1532318683'),
('::1', '2018-07-24', 275, '1532458816'),
('::1', '2018-07-25', 147, '1532490542'),
('::1', '2018-07-26', 990, '1532629523'),
('::1', '2018-07-27', 69, '1532676016'),
('::1', '2018-07-28', 299, '1532794847'),
('::1', '2018-07-29', 138, '1532873535'),
('::1', '2018-07-30', 31, '1532945997'),
('::1', '2018-07-31', 55, '1533056136'),
('::1', '2018-08-03', 389, '1533314397'),
('::1', '2018-08-05', 63, '1533481068'),
('::1', '2018-08-07', 342, '1533636227'),
('::1', '2018-08-08', 220, '1533736659'),
('::1', '2018-08-09', 4, '1533802137'),
('::1', '2018-08-10', 50, '1533899514'),
('::1', '2018-08-15', 8, '1534341955'),
('::1', '2018-08-18', 50, '1534606362'),
('::1', '2018-08-20', 41, '1534791056'),
('::1', '2018-08-21', 769, '1534872541'),
('::1', '2018-08-22', 3120, '1534958932'),
('127.0.0.1', '2018-08-22', 1, '1534954547'),
('::1', '2018-08-23', 108, '1534996528'),
('::1', '2018-08-24', 370, '1535137007'),
('::1', '2018-08-25', 531, '1535208115'),
('::1', '2018-08-26', 272, '1535317526'),
('::1', '2018-08-27', 64, '1535348725'),
('::1', '2018-08-28', 293, '1535487346'),
('::1', '2018-08-29', 312, '1535549913'),
('::1', '2018-08-30', 643, '1535648318'),
('::1', '2018-08-31', 186, '1535733189'),
('::1', '2018-09-01', 70, '1535820559'),
('::1', '2018-09-01', 70, '1535820559'),
('::1', '2018-09-02', 16, '1535904784'),
('::1', '2018-09-03', 619, '1536003629'),
('::1', '2018-09-04', 295, '1536077367'),
('::1', '2018-09-05', 697, '1536169947'),
('::1', '2018-09-06', 110, '1536210449'),
('::1', '2018-09-07', 78, '1536322181'),
('::1', '2018-09-08', 58, '1536381743'),
('::1', '2018-09-09', 163, '1536514396'),
('::1', '2018-09-10', 37, '1536603402'),
('::1', '2018-09-12', 649, '1536773123'),
('::1', '2018-09-13', 188, '1536820938'),
('::1', '2018-09-14', 96, '1536891281'),
('::1', '2018-09-15', 167, '1537018612'),
('::1', '2018-09-16', 134, '1537126576'),
('::1', '2018-09-16', 134, '1537126576'),
('::1', '2018-09-17', 344, '1537200239'),
('::1', '2018-09-18', 5, '1537286504'),
('::1', '2018-09-21', 246, '1537520682'),
('::1', '2018-09-22', 107, '1537607602'),
('::1', '2018-09-24', 169, '1537814164'),
('::1', '2018-09-26', 23, '1537963865'),
('::1', '2018-10-07', 56, '1538924702'),
('::1', '2018-10-07', 56, '1538924702'),
('::1', '2018-10-09', 35, '1539054724'),
('::1', '2018-10-09', 35, '1539054724'),
('::1', '2018-10-10', 25, '1539186556'),
('::1', '2018-10-11', 5, '1539222454'),
('::1', '2018-10-12', 56, '1539319337'),
('::1', '2018-10-18', 1, '1539828026'),
('::1', '2018-10-30', 35, '1540917808'),
('::1', '2018-11-01', 26, '1541074922'),
('::1', '2018-11-02', 27, '1541176398'),
('::1', '2018-11-04', 72, '1541355914'),
('::1', '2018-11-08', 184, '1541709605'),
('::1', '2018-11-09', 87, '1541786887'),
('::1', '2018-11-17', 5, '1542463059'),
('::1', '2018-11-18', 33, '1542564090'),
('::1', '2018-11-19', 9, '1542647567'),
('::1', '2018-11-21', 4, '1542783500'),
('::1', '2018-11-24', 2, '1543074842'),
('::1', '2018-11-25', 11, '1543164711'),
('::1', '2018-11-27', 98, '1543340081'),
('::1', '2018-11-28', 2, '1543426375'),
('::1', '2018-12-01', 224, '1543696676'),
('::1', '2018-12-02', 157, '1543772499'),
('::1', '2018-12-03', 32, '1543835874'),
('::1', '2018-12-05', 230, '1544043932'),
('::1', '2018-12-06', 95, '1544101956'),
('::1', '2018-12-08', 20, '1544252210'),
('::1', '2018-12-10', 15, '1544459054'),
('::1', '2018-12-11', 3, '1544537084'),
('::1', '2018-12-12', 15, '1544582667'),
('::1', '2018-12-12', 15, '1544582667'),
('::1', '2018-12-14', 3, '1544811786'),
('::1', '2018-12-15', 11, '1544884210'),
('::1', '2018-12-15', 11, '1544884210'),
('::1', '2018-12-18', 2, '1545115611'),
('::1', '2018-12-20', 28, '1545317797'),
('::1', '2019-01-03', 7, '1546530480'),
('::1', '2019-01-25', 6, '1548398115'),
('::1', '2019-01-28', 106, '1548694906'),
('::1', '2019-02-06', 5, '1549438188'),
('::1', '2019-03-04', 153, '1551692534'),
('::1', '2019-03-07', 3, '1551964894'),
('::1', '2019-03-11', 14, '1552310440'),
('::1', '2019-03-12', 33, '1552367225'),
('::1', '2019-03-17', 154, '1552811681'),
('::1', '2019-03-19', 531, '1553019890'),
('192.168.43.1', '2019-03-19', 27, '1553013622'),
('::1', '2019-03-22', 56, '1553235347'),
('::1', '2019-03-27', 61, '1553707653'),
('::1', '2019-03-27', 61, '1553707653'),
('::1', '2019-03-28', 17, '1553784852'),
('::1', '2019-03-31', 1, '1554067970'),
('192.168.43.1', '2019-04-01', 1, '1554145530'),
('::1', '2019-04-09', 18, '1554781550'),
('::1', '2019-04-13', 110, '1555178523'),
('::1', '2019-04-14', 32, '1555219034'),
('::1', '2019-04-18', 131, '1555593642'),
('::1', '2019-04-19', 44, '1555666974');

-- --------------------------------------------------------

--
-- Struktur dari tabel `submenu`
--

CREATE TABLE `submenu` (
  `id_sub` int(5) NOT NULL,
  `nama_sub` varchar(50) CHARACTER SET latin1 COLLATE latin1_general_ci DEFAULT NULL,
  `link_sub` varchar(100) CHARACTER SET latin1 COLLATE latin1_general_ci DEFAULT NULL,
  `id_main` int(5) NOT NULL,
  `id_submain` int(11) NOT NULL,
  `aktif` enum('Y','N') NOT NULL DEFAULT 'Y',
  `adminsubmenu` enum('Y','N') NOT NULL,
  `arrange` int(11) DEFAULT NULL
) ENGINE=MyISAM DEFAULT CHARSET=latin1;

--
-- Dumping data untuk tabel `submenu`
--

INSERT INTO `submenu` (`id_sub`, `nama_sub`, `link_sub`, `id_main`, `id_submain`, `aktif`, `adminsubmenu`, `arrange`) VALUES
(3, 'Struktur Organisasi', 'page/detail/struktur-organisasi', 3, 0, 'Y', 'N', NULL),
(4, 'Ekonomi', 'berita/kategori/ekonomi', 5, 0, 'N', 'N', NULL),
(5, 'Hiburan', 'berita/kategori/hiburan', 5, 0, 'Y', 'N', NULL),
(6, 'Olahraga', 'berita/kategori/olahraga', 5, 0, 'Y', 'N', NULL),
(7, 'Politik', 'berita/kategori/politik', 5, 0, 'Y', 'N', NULL),
(8, 'Teknologi', 'berita/kategori/teknologi', 5, 0, 'Y', 'N', NULL),
(11, 'Manajemen Modul', 'administrator/manajemenmodul', 14, 0, 'N', 'Y', NULL),
(10, 'Identitas Web', 'administrator/identitaswebsite', 14, 0, 'N', 'Y', NULL),
(12, 'Manajemen User', 'administrator/manajemenuser', 14, 0, 'N', 'Y', NULL),
(13, 'Manajemen Template', 'administrator/templatewebsite', 14, 0, 'N', 'Y', NULL),
(14, 'Menu Utama', 'administrator/menuutama', 15, 0, 'N', 'Y', NULL),
(15, 'Sub Menu', 'administrator/submenu', 15, 0, 'N', 'Y', NULL),
(16, 'Kategori Berita', 'administrator/kategoriberita', 16, 0, 'N', 'Y', NULL),
(17, 'Berita', 'administrator/berita', 16, 0, 'N', 'Y', NULL),
(18, 'Komentar', 'administrator/komentar', 16, 0, 'N', 'Y', NULL),
(19, 'Halaman Statis', 'administrator/halamanbaru', 16, 0, 'N', 'Y', NULL),
(20, 'Tag / Label', 'administrator/tagberita', 16, 0, 'N', 'Y', NULL),
(21, 'Sensor Kata', 'administrator/sensorkata', 16, 0, 'N', 'Y', NULL),
(22, 'Album', 'administrator/album', 52, 0, 'N', 'Y', NULL),
(23, 'Galeri Foto', 'administrator/galeri', 52, 0, 'N', 'Y', NULL),
(24, 'Download', 'administrator/download', 52, 0, 'N', 'Y', NULL),
(25, 'Agenda', 'administrator/agenda', 53, 0, 'N', 'Y', NULL),
(26, 'Poling', 'administrator/polling', 53, 0, 'N', 'Y', NULL),
(27, 'Sekilas Info', 'administrator/sekilasinfo', 53, 0, 'N', 'Y', NULL),
(30, 'ShoutBox', 'administrator/shoutbox', 53, 0, 'N', 'Y', NULL),
(37, 'Company', 'page/detail/profil-perusahaan', 3, 0, 'Y', 'Y', NULL),
(38, 'Ijin Operasional', 'page/detail/ijin-operasional-permata-safety', 3, 0, 'Y', 'N', NULL),
(39, 'Visi & Misi Permata Safety', 'page/detail/visi-misi-permata-safety', 3, 0, 'Y', 'N', NULL),
(40, 'Tambah Halaman', 'administrator/tambah_halamanbaru', 65, 0, 'N', 'Y', NULL),
(41, 'Jasa Konsultasi SMK3', 'page/detail/jasa-konsultasi-smk3', 66, 0, 'Y', 'N', NULL);

-- --------------------------------------------------------

--
-- Struktur dari tabel `tag`
--

CREATE TABLE `tag` (
  `id_tag` int(5) NOT NULL,
  `nama_tag` varchar(100) COLLATE latin1_general_ci NOT NULL,
  `tag_seo` varchar(100) COLLATE latin1_general_ci NOT NULL,
  `count` int(5) NOT NULL
) ENGINE=MyISAM DEFAULT CHARSET=latin1 COLLATE=latin1_general_ci;

--
-- Dumping data untuk tabel `tag`
--

INSERT INTO `tag` (`id_tag`, `nama_tag`, `tag_seo`, `count`) VALUES
(1, 'Palestina', 'palestina', 7),
(2, 'Gaza', 'gaza', 11),
(9, 'Tenis', 'tenis', 5),
(10, 'Sepakbola', 'sepakbola', 7),
(8, 'Laskar Pelangi', 'laskar-pelangi', 2),
(11, 'Amerika', 'amerika', 18),
(12, 'George Bush', 'george-bush', 3),
(13, 'Browser', 'browser', 9),
(14, 'Google', 'google', 3),
(15, 'Israel', 'israel', 5),
(16, 'Komputer', 'komputer', 24),
(17, 'Film', 'film', 9),
(19, 'Mobil', 'mobil', 0),
(21, 'Gayus', 'gayus', 2);

-- --------------------------------------------------------

--
-- Struktur dari tabel `tagmap`
--

CREATE TABLE `tagmap` (
  `id_tagmap` int(5) NOT NULL,
  `tags_id` int(5) NOT NULL,
  `id_berita` int(5) NOT NULL,
  `post_type` varchar(200) NOT NULL
) ENGINE=MyISAM DEFAULT CHARSET=latin1;

--
-- Dumping data untuk tabel `tagmap`
--

INSERT INTO `tagmap` (`id_tagmap`, `tags_id`, `id_berita`, `post_type`) VALUES
(1, 1, 36, 'services');

-- --------------------------------------------------------

--
-- Struktur dari tabel `tags`
--

CREATE TABLE `tags` (
  `tags_id` int(5) NOT NULL,
  `tags_title` varchar(100) NOT NULL,
  `slug` varchar(200) NOT NULL,
  `updated_at` timestamp NOT NULL DEFAULT current_timestamp() ON UPDATE current_timestamp(),
  `created_at` timestamp NOT NULL DEFAULT '0000-00-00 00:00:00',
  `tags_description` text DEFAULT NULL,
  `gambar` varchar(100) NOT NULL,
  `meta_title` varchar(200) CHARACTER SET utf8 NOT NULL,
  `meta_keywords` varchar(200) CHARACTER SET utf8 NOT NULL,
  `meta_description` varchar(200) NOT NULL
) ENGINE=InnoDB DEFAULT CHARSET=latin1;

--
-- Dumping data untuk tabel `tags`
--

INSERT INTO `tags` (`tags_id`, `tags_title`, `slug`, `updated_at`, `created_at`, `tags_description`, `gambar`, `meta_title`, `meta_keywords`, `meta_description`) VALUES
(1, 'services tags', 'services-tags', '2018-09-03 10:17:35', '0000-00-00 00:00:00', NULL, '', '', '', '');

-- --------------------------------------------------------

--
-- Struktur dari tabel `templates`
--

CREATE TABLE `templates` (
  `id_templates` int(5) NOT NULL,
  `judul` varchar(100) COLLATE latin1_general_ci NOT NULL,
  `pembuat` varchar(50) COLLATE latin1_general_ci NOT NULL,
  `folder` varchar(50) COLLATE latin1_general_ci NOT NULL,
  `aktif` enum('Y','N') COLLATE latin1_general_ci NOT NULL DEFAULT 'N'
) ENGINE=MyISAM DEFAULT CHARSET=latin1 COLLATE=latin1_general_ci;

--
-- Dumping data untuk tabel `templates`
--

INSERT INTO `templates` (`id_templates`, `judul`, `pembuat`, `folder`, `aktif`) VALUES
(1, 'Default', 'Lukmanul Hakim', 'default', 'N'),
(17, 'pt-cmp', 'ahmad zulfikar', 'pt-cmp', 'N'),
(14, 'bisnis', 'Ahmad Zulfikar', 'bisnis', 'N'),
(15, 'alfajayatehnik', 'Ahmad Zulfikar', 'alfajayatehnik', 'N'),
(16, 'alfajayatehnikfix', 'fikarcare4u@gmail.com', 'alfajayatehnikfix', 'N'),
(18, 'logistics', 'Ahmad Zulfikar', 'logistics', 'N'),
(19, 'Pakuwon', 'Ahmad Zulfikar', 'pakuwon', 'Y');

-- --------------------------------------------------------

--
-- Struktur dari tabel `users`
--

CREATE TABLE `users` (
  `id` int(11) UNSIGNED NOT NULL,
  `ip_address` varchar(45) NOT NULL,
  `username` varchar(100) DEFAULT NULL,
  `password` varchar(255) NOT NULL,
  `email` varchar(254) NOT NULL,
  `activation_selector` varchar(255) DEFAULT NULL,
  `activation_code` varchar(255) DEFAULT NULL,
  `forgotten_password_selector` varchar(255) DEFAULT NULL,
  `forgotten_password_code` varchar(255) DEFAULT NULL,
  `forgotten_password_time` int(11) UNSIGNED DEFAULT NULL,
  `remember_selector` varchar(255) DEFAULT NULL,
  `remember_code` varchar(255) DEFAULT NULL,
  `created_on` int(11) UNSIGNED NOT NULL,
  `last_login` int(11) UNSIGNED DEFAULT NULL,
  `active` tinyint(1) UNSIGNED DEFAULT NULL,
  `first_name` varchar(50) DEFAULT NULL,
  `last_name` varchar(50) DEFAULT NULL,
  `company` varchar(100) DEFAULT NULL,
  `phone` varchar(20) DEFAULT NULL
) ENGINE=InnoDB DEFAULT CHARSET=utf8;

--
-- Dumping data untuk tabel `users`
--

INSERT INTO `users` (`id`, `ip_address`, `username`, `password`, `email`, `activation_selector`, `activation_code`, `forgotten_password_selector`, `forgotten_password_code`, `forgotten_password_time`, `remember_selector`, `remember_code`, `created_on`, `last_login`, `active`, `first_name`, `last_name`, `company`, `phone`) VALUES
(2, '::1', 'admin', '$2y$12$fHx82oXiCqX39GPnNuS/jOsPIRWLxiqbGDNDV1IMnfx9LSh3zlJQ6', 'fikarcare4u@gmail.com', NULL, NULL, NULL, NULL, NULL, NULL, NULL, 1554102397, 1597979981, 1, 'Ahmad', 'Zulfikar', 'Fikar Web Design', '087888370521'),
(3, '::1', 'manager', '$2y$12$Vnee7XhzhGQm.hv7RYvB2O7Xk.ygjk6MDcTWqDxj.J/GZu6qSdX3C', 'info@multijayadiesel.com', NULL, NULL, NULL, NULL, NULL, NULL, NULL, 1556469346, 1559317579, 1, 'Abdul', 'Rohman', 'Multi Jaya Diesel', '087888370521');

-- --------------------------------------------------------

--
-- Struktur dari tabel `users_groups`
--

CREATE TABLE `users_groups` (
  `id` int(11) UNSIGNED NOT NULL,
  `user_id` int(11) UNSIGNED NOT NULL,
  `group_id` mediumint(8) UNSIGNED NOT NULL
) ENGINE=InnoDB DEFAULT CHARSET=utf8;

--
-- Dumping data untuk tabel `users_groups`
--

INSERT INTO `users_groups` (`id`, `user_id`, `group_id`) VALUES
(7, 2, 1),
(8, 2, 2),
(9, 2, 4),
(23, 3, 1),
(24, 3, 2);

--
-- Indexes for dumped tables
--

--
-- Indeks untuk tabel `adjacency_groups`
--
ALTER TABLE `adjacency_groups`
  ADD PRIMARY KEY (`id`);

--
-- Indeks untuk tabel `adjacency_lists`
--
ALTER TABLE `adjacency_lists`
  ADD PRIMARY KEY (`id`),
  ADD KEY `group_id` (`group_id`);

--
-- Indeks untuk tabel `agenda`
--
ALTER TABLE `agenda`
  ADD PRIMARY KEY (`id_agenda`);

--
-- Indeks untuk tabel `attachment`
--
ALTER TABLE `attachment`
  ADD PRIMARY KEY (`id`);

--
-- Indeks untuk tabel `berita`
--
ALTER TABLE `berita`
  ADD PRIMARY KEY (`id_berita`);

--
-- Indeks untuk tabel `berita_tagmap`
--
ALTER TABLE `berita_tagmap`
  ADD PRIMARY KEY (`id_tagmap`);

--
-- Indeks untuk tabel `berita_tags`
--
ALTER TABLE `berita_tags`
  ADD PRIMARY KEY (`tags_id`);

--
-- Indeks untuk tabel `categories_groups`
--
ALTER TABLE `categories_groups`
  ADD PRIMARY KEY (`id`);

--
-- Indeks untuk tabel `categories_lists`
--
ALTER TABLE `categories_lists`
  ADD PRIMARY KEY (`id`),
  ADD KEY `group_id` (`group_id`);

--
-- Indeks untuk tabel `catmap`
--
ALTER TABLE `catmap`
  ADD PRIMARY KEY (`id_catmap`);

--
-- Indeks untuk tabel `client`
--
ALTER TABLE `client`
  ADD PRIMARY KEY (`id_client`);

--
-- Indeks untuk tabel `clients`
--
ALTER TABLE `clients`
  ADD PRIMARY KEY (`id_clients`);

--
-- Indeks untuk tabel `clients_tagmap`
--
ALTER TABLE `clients_tagmap`
  ADD PRIMARY KEY (`id_tagmap`);

--
-- Indeks untuk tabel `clients_tags`
--
ALTER TABLE `clients_tags`
  ADD PRIMARY KEY (`tags_id`);

--
-- Indeks untuk tabel `contact`
--
ALTER TABLE `contact`
  ADD PRIMARY KEY (`id_contact`);

--
-- Indeks untuk tabel `download`
--
ALTER TABLE `download`
  ADD PRIMARY KEY (`id_download`);

--
-- Indeks untuk tabel `enquiry`
--
ALTER TABLE `enquiry`
  ADD PRIMARY KEY (`id`);

--
-- Indeks untuk tabel `files`
--
ALTER TABLE `files`
  ADD PRIMARY KEY (`id`);

--
-- Indeks untuk tabel `gallery`
--
ALTER TABLE `gallery`
  ADD PRIMARY KEY (`id_gallery`);

--
-- Indeks untuk tabel `gallery_tagmap`
--
ALTER TABLE `gallery_tagmap`
  ADD PRIMARY KEY (`id_tagmap`);

--
-- Indeks untuk tabel `gallery_tags`
--
ALTER TABLE `gallery_tags`
  ADD PRIMARY KEY (`tags_id`);

--
-- Indeks untuk tabel `groups`
--
ALTER TABLE `groups`
  ADD PRIMARY KEY (`id`);

--
-- Indeks untuk tabel `hubungi`
--
ALTER TABLE `hubungi`
  ADD PRIMARY KEY (`id_hubungi`);

--
-- Indeks untuk tabel `identitas`
--
ALTER TABLE `identitas`
  ADD PRIMARY KEY (`id_identitas`);

--
-- Indeks untuk tabel `jabatan`
--
ALTER TABLE `jabatan`
  ADD PRIMARY KEY (`id_jabatan`);

--
-- Indeks untuk tabel `katajelek`
--
ALTER TABLE `katajelek`
  ADD PRIMARY KEY (`id_jelek`);

--
-- Indeks untuk tabel `kategori`
--
ALTER TABLE `kategori`
  ADD PRIMARY KEY (`id_kategori`);

--
-- Indeks untuk tabel `komentar`
--
ALTER TABLE `komentar`
  ADD PRIMARY KEY (`id_komentar`);

--
-- Indeks untuk tabel `login_attempts`
--
ALTER TABLE `login_attempts`
  ADD PRIMARY KEY (`id`);

--
-- Indeks untuk tabel `mainmenu`
--
ALTER TABLE `mainmenu`
  ADD PRIMARY KEY (`id_main`);

--
-- Indeks untuk tabel `modul`
--
ALTER TABLE `modul`
  ADD PRIMARY KEY (`id_modul`);

--
-- Indeks untuk tabel `pages`
--
ALTER TABLE `pages`
  ADD PRIMARY KEY (`id_pages`);

--
-- Indeks untuk tabel `poling`
--
ALTER TABLE `poling`
  ADD PRIMARY KEY (`id_poling`);

--
-- Indeks untuk tabel `products`
--
ALTER TABLE `products`
  ADD PRIMARY KEY (`id_products`);

--
-- Indeks untuk tabel `products_tagmap`
--
ALTER TABLE `products_tagmap`
  ADD PRIMARY KEY (`id_tagmap`);

--
-- Indeks untuk tabel `products_tags`
--
ALTER TABLE `products_tags`
  ADD PRIMARY KEY (`tags_id`);

--
-- Indeks untuk tabel `projects`
--
ALTER TABLE `projects`
  ADD PRIMARY KEY (`id_projects`);

--
-- Indeks untuk tabel `projects_tagmap`
--
ALTER TABLE `projects_tagmap`
  ADD PRIMARY KEY (`id_tagmap`);

--
-- Indeks untuk tabel `projects_tags`
--
ALTER TABLE `projects_tags`
  ADD PRIMARY KEY (`tags_id`);

--
-- Indeks untuk tabel `promo`
--
ALTER TABLE `promo`
  ADD PRIMARY KEY (`id_promo`);

--
-- Indeks untuk tabel `schedules`
--
ALTER TABLE `schedules`
  ADD PRIMARY KEY (`id_schedules`);

--
-- Indeks untuk tabel `sections`
--
ALTER TABLE `sections`
  ADD PRIMARY KEY (`id`),
  ADD KEY `lft` (`lft`),
  ADD KEY `rgt` (`rgt`);

--
-- Indeks untuk tabel `sekilasinfo`
--
ALTER TABLE `sekilasinfo`
  ADD PRIMARY KEY (`id_sekilas`);

--
-- Indeks untuk tabel `sertifikat`
--
ALTER TABLE `sertifikat`
  ADD PRIMARY KEY (`id_sertifikat`);

--
-- Indeks untuk tabel `sertifikat_tagmap`
--
ALTER TABLE `sertifikat_tagmap`
  ADD PRIMARY KEY (`id_tagmap`);

--
-- Indeks untuk tabel `sertifikat_tags`
--
ALTER TABLE `sertifikat_tags`
  ADD PRIMARY KEY (`tags_id`);

--
-- Indeks untuk tabel `services`
--
ALTER TABLE `services`
  ADD PRIMARY KEY (`id_services`);

--
-- Indeks untuk tabel `services_tagmap`
--
ALTER TABLE `services_tagmap`
  ADD PRIMARY KEY (`id_tagmap`);

--
-- Indeks untuk tabel `services_tags`
--
ALTER TABLE `services_tags`
  ADD PRIMARY KEY (`tags_id`);

--
-- Indeks untuk tabel `settings`
--
ALTER TABLE `settings`
  ADD PRIMARY KEY (`name`);

--
-- Indeks untuk tabel `shoutbox`
--
ALTER TABLE `shoutbox`
  ADD PRIMARY KEY (`id_shoutbox`);

--
-- Indeks untuk tabel `slide`
--
ALTER TABLE `slide`
  ADD PRIMARY KEY (`id_slide`);

--
-- Indeks untuk tabel `slides_groups`
--
ALTER TABLE `slides_groups`
  ADD PRIMARY KEY (`id`);

--
-- Indeks untuk tabel `slides_lists`
--
ALTER TABLE `slides_lists`
  ADD PRIMARY KEY (`id`);

--
-- Indeks untuk tabel `slide_groups`
--
ALTER TABLE `slide_groups`
  ADD PRIMARY KEY (`id`);

--
-- Indeks untuk tabel `slide_lists`
--
ALTER TABLE `slide_lists`
  ADD PRIMARY KEY (`id`);

--
-- Indeks untuk tabel `submenu`
--
ALTER TABLE `submenu`
  ADD PRIMARY KEY (`id_sub`);

--
-- Indeks untuk tabel `tag`
--
ALTER TABLE `tag`
  ADD PRIMARY KEY (`id_tag`);

--
-- Indeks untuk tabel `tagmap`
--
ALTER TABLE `tagmap`
  ADD PRIMARY KEY (`id_tagmap`);

--
-- Indeks untuk tabel `tags`
--
ALTER TABLE `tags`
  ADD PRIMARY KEY (`tags_id`);

--
-- Indeks untuk tabel `templates`
--
ALTER TABLE `templates`
  ADD PRIMARY KEY (`id_templates`);

--
-- Indeks untuk tabel `users`
--
ALTER TABLE `users`
  ADD PRIMARY KEY (`id`),
  ADD UNIQUE KEY `uc_email` (`email`),
  ADD UNIQUE KEY `uc_activation_selector` (`activation_selector`),
  ADD UNIQUE KEY `uc_forgotten_password_selector` (`forgotten_password_selector`),
  ADD UNIQUE KEY `uc_remember_selector` (`remember_selector`);

--
-- Indeks untuk tabel `users_groups`
--
ALTER TABLE `users_groups`
  ADD PRIMARY KEY (`id`),
  ADD UNIQUE KEY `uc_users_groups` (`user_id`,`group_id`),
  ADD KEY `fk_users_groups_users1_idx` (`user_id`),
  ADD KEY `fk_users_groups_groups1_idx` (`group_id`);

--
-- AUTO_INCREMENT untuk tabel yang dibuang
--

--
-- AUTO_INCREMENT untuk tabel `adjacency_groups`
--
ALTER TABLE `adjacency_groups`
  MODIFY `id` smallint(4) UNSIGNED NOT NULL AUTO_INCREMENT, AUTO_INCREMENT=8;

--
-- AUTO_INCREMENT untuk tabel `adjacency_lists`
--
ALTER TABLE `adjacency_lists`
  MODIFY `id` mediumint(8) UNSIGNED NOT NULL AUTO_INCREMENT, AUTO_INCREMENT=118;

--
-- AUTO_INCREMENT untuk tabel `agenda`
--
ALTER TABLE `agenda`
  MODIFY `id_agenda` int(5) NOT NULL AUTO_INCREMENT, AUTO_INCREMENT=43;

--
-- AUTO_INCREMENT untuk tabel `attachment`
--
ALTER TABLE `attachment`
  MODIFY `id` int(11) NOT NULL AUTO_INCREMENT, AUTO_INCREMENT=7;

--
-- AUTO_INCREMENT untuk tabel `berita`
--
ALTER TABLE `berita`
  MODIFY `id_berita` int(11) NOT NULL AUTO_INCREMENT, AUTO_INCREMENT=17;

--
-- AUTO_INCREMENT untuk tabel `berita_tagmap`
--
ALTER TABLE `berita_tagmap`
  MODIFY `id_tagmap` int(5) NOT NULL AUTO_INCREMENT, AUTO_INCREMENT=2;

--
-- AUTO_INCREMENT untuk tabel `berita_tags`
--
ALTER TABLE `berita_tags`
  MODIFY `tags_id` int(5) NOT NULL AUTO_INCREMENT, AUTO_INCREMENT=3;

--
-- AUTO_INCREMENT untuk tabel `categories_groups`
--
ALTER TABLE `categories_groups`
  MODIFY `id` smallint(4) UNSIGNED NOT NULL AUTO_INCREMENT, AUTO_INCREMENT=19;

--
-- AUTO_INCREMENT untuk tabel `categories_lists`
--
ALTER TABLE `categories_lists`
  MODIFY `id` mediumint(8) UNSIGNED NOT NULL AUTO_INCREMENT, AUTO_INCREMENT=8;

--
-- AUTO_INCREMENT untuk tabel `catmap`
--
ALTER TABLE `catmap`
  MODIFY `id_catmap` int(5) NOT NULL AUTO_INCREMENT;

--
-- AUTO_INCREMENT untuk tabel `client`
--
ALTER TABLE `client`
  MODIFY `id_client` int(5) NOT NULL AUTO_INCREMENT, AUTO_INCREMENT=29;

--
-- AUTO_INCREMENT untuk tabel `clients`
--
ALTER TABLE `clients`
  MODIFY `id_clients` int(5) NOT NULL AUTO_INCREMENT, AUTO_INCREMENT=15;

--
-- AUTO_INCREMENT untuk tabel `clients_tagmap`
--
ALTER TABLE `clients_tagmap`
  MODIFY `id_tagmap` int(5) NOT NULL AUTO_INCREMENT;

--
-- AUTO_INCREMENT untuk tabel `clients_tags`
--
ALTER TABLE `clients_tags`
  MODIFY `tags_id` int(5) NOT NULL AUTO_INCREMENT, AUTO_INCREMENT=2;

--
-- AUTO_INCREMENT untuk tabel `contact`
--
ALTER TABLE `contact`
  MODIFY `id_contact` int(5) NOT NULL AUTO_INCREMENT, AUTO_INCREMENT=3;

--
-- AUTO_INCREMENT untuk tabel `download`
--
ALTER TABLE `download`
  MODIFY `id_download` int(5) NOT NULL AUTO_INCREMENT, AUTO_INCREMENT=12;

--
-- AUTO_INCREMENT untuk tabel `enquiry`
--
ALTER TABLE `enquiry`
  MODIFY `id` int(5) NOT NULL AUTO_INCREMENT, AUTO_INCREMENT=2;

--
-- AUTO_INCREMENT untuk tabel `files`
--
ALTER TABLE `files`
  MODIFY `id` int(11) NOT NULL AUTO_INCREMENT, AUTO_INCREMENT=155;

--
-- AUTO_INCREMENT untuk tabel `gallery`
--
ALTER TABLE `gallery`
  MODIFY `id_gallery` int(5) NOT NULL AUTO_INCREMENT;

--
-- AUTO_INCREMENT untuk tabel `gallery_tagmap`
--
ALTER TABLE `gallery_tagmap`
  MODIFY `id_tagmap` int(5) NOT NULL AUTO_INCREMENT;

--
-- AUTO_INCREMENT untuk tabel `gallery_tags`
--
ALTER TABLE `gallery_tags`
  MODIFY `tags_id` int(5) NOT NULL AUTO_INCREMENT;

--
-- AUTO_INCREMENT untuk tabel `groups`
--
ALTER TABLE `groups`
  MODIFY `id` mediumint(8) UNSIGNED NOT NULL AUTO_INCREMENT, AUTO_INCREMENT=5;

--
-- AUTO_INCREMENT untuk tabel `hubungi`
--
ALTER TABLE `hubungi`
  MODIFY `id_hubungi` int(5) NOT NULL AUTO_INCREMENT, AUTO_INCREMENT=55;

--
-- AUTO_INCREMENT untuk tabel `identitas`
--
ALTER TABLE `identitas`
  MODIFY `id_identitas` int(5) NOT NULL AUTO_INCREMENT, AUTO_INCREMENT=2;

--
-- AUTO_INCREMENT untuk tabel `jabatan`
--
ALTER TABLE `jabatan`
  MODIFY `id_jabatan` int(5) NOT NULL AUTO_INCREMENT, AUTO_INCREMENT=24;

--
-- AUTO_INCREMENT untuk tabel `katajelek`
--
ALTER TABLE `katajelek`
  MODIFY `id_jelek` int(11) NOT NULL AUTO_INCREMENT, AUTO_INCREMENT=6;

--
-- AUTO_INCREMENT untuk tabel `kategori`
--
ALTER TABLE `kategori`
  MODIFY `id_kategori` int(5) NOT NULL AUTO_INCREMENT, AUTO_INCREMENT=33;

--
-- AUTO_INCREMENT untuk tabel `komentar`
--
ALTER TABLE `komentar`
  MODIFY `id_komentar` int(5) NOT NULL AUTO_INCREMENT, AUTO_INCREMENT=96;

--
-- AUTO_INCREMENT untuk tabel `login_attempts`
--
ALTER TABLE `login_attempts`
  MODIFY `id` int(11) UNSIGNED NOT NULL AUTO_INCREMENT, AUTO_INCREMENT=9;

--
-- AUTO_INCREMENT untuk tabel `mainmenu`
--
ALTER TABLE `mainmenu`
  MODIFY `id_main` int(5) NOT NULL AUTO_INCREMENT, AUTO_INCREMENT=69;

--
-- AUTO_INCREMENT untuk tabel `modul`
--
ALTER TABLE `modul`
  MODIFY `id_modul` int(5) NOT NULL AUTO_INCREMENT, AUTO_INCREMENT=64;

--
-- AUTO_INCREMENT untuk tabel `pages`
--
ALTER TABLE `pages`
  MODIFY `id_pages` int(5) NOT NULL AUTO_INCREMENT, AUTO_INCREMENT=46;

--
-- AUTO_INCREMENT untuk tabel `poling`
--
ALTER TABLE `poling`
  MODIFY `id_poling` int(5) NOT NULL AUTO_INCREMENT, AUTO_INCREMENT=10;

--
-- AUTO_INCREMENT untuk tabel `products`
--
ALTER TABLE `products`
  MODIFY `id_products` int(5) NOT NULL AUTO_INCREMENT;

--
-- AUTO_INCREMENT untuk tabel `products_tagmap`
--
ALTER TABLE `products_tagmap`
  MODIFY `id_tagmap` int(5) NOT NULL AUTO_INCREMENT;

--
-- AUTO_INCREMENT untuk tabel `products_tags`
--
ALTER TABLE `products_tags`
  MODIFY `tags_id` int(5) NOT NULL AUTO_INCREMENT;

--
-- AUTO_INCREMENT untuk tabel `projects`
--
ALTER TABLE `projects`
  MODIFY `id_projects` int(5) NOT NULL AUTO_INCREMENT, AUTO_INCREMENT=18;

--
-- AUTO_INCREMENT untuk tabel `projects_tagmap`
--
ALTER TABLE `projects_tagmap`
  MODIFY `id_tagmap` int(5) NOT NULL AUTO_INCREMENT, AUTO_INCREMENT=26;

--
-- AUTO_INCREMENT untuk tabel `projects_tags`
--
ALTER TABLE `projects_tags`
  MODIFY `tags_id` int(5) NOT NULL AUTO_INCREMENT, AUTO_INCREMENT=6;

--
-- AUTO_INCREMENT untuk tabel `promo`
--
ALTER TABLE `promo`
  MODIFY `id_promo` int(5) NOT NULL AUTO_INCREMENT, AUTO_INCREMENT=33;

--
-- AUTO_INCREMENT untuk tabel `schedules`
--
ALTER TABLE `schedules`
  MODIFY `id_schedules` int(5) NOT NULL AUTO_INCREMENT, AUTO_INCREMENT=11;

--
-- AUTO_INCREMENT untuk tabel `sections`
--
ALTER TABLE `sections`
  MODIFY `id` int(11) NOT NULL AUTO_INCREMENT, AUTO_INCREMENT=145;

--
-- AUTO_INCREMENT untuk tabel `sekilasinfo`
--
ALTER TABLE `sekilasinfo`
  MODIFY `id_sekilas` int(5) NOT NULL AUTO_INCREMENT, AUTO_INCREMENT=11;

--
-- AUTO_INCREMENT untuk tabel `sertifikat`
--
ALTER TABLE `sertifikat`
  MODIFY `id_sertifikat` int(5) NOT NULL AUTO_INCREMENT, AUTO_INCREMENT=9;

--
-- AUTO_INCREMENT untuk tabel `sertifikat_tagmap`
--
ALTER TABLE `sertifikat_tagmap`
  MODIFY `id_tagmap` int(5) NOT NULL AUTO_INCREMENT;

--
-- AUTO_INCREMENT untuk tabel `sertifikat_tags`
--
ALTER TABLE `sertifikat_tags`
  MODIFY `tags_id` int(5) NOT NULL AUTO_INCREMENT;

--
-- AUTO_INCREMENT untuk tabel `services`
--
ALTER TABLE `services`
  MODIFY `id_services` int(5) NOT NULL AUTO_INCREMENT, AUTO_INCREMENT=7;

--
-- AUTO_INCREMENT untuk tabel `services_tagmap`
--
ALTER TABLE `services_tagmap`
  MODIFY `id_tagmap` int(5) NOT NULL AUTO_INCREMENT;

--
-- AUTO_INCREMENT untuk tabel `services_tags`
--
ALTER TABLE `services_tags`
  MODIFY `tags_id` int(5) NOT NULL AUTO_INCREMENT, AUTO_INCREMENT=2;

--
-- AUTO_INCREMENT untuk tabel `shoutbox`
--
ALTER TABLE `shoutbox`
  MODIFY `id_shoutbox` int(5) NOT NULL AUTO_INCREMENT, AUTO_INCREMENT=9;

--
-- AUTO_INCREMENT untuk tabel `slide`
--
ALTER TABLE `slide`
  MODIFY `id_slide` int(5) NOT NULL AUTO_INCREMENT, AUTO_INCREMENT=26;

--
-- AUTO_INCREMENT untuk tabel `slides_groups`
--
ALTER TABLE `slides_groups`
  MODIFY `id` smallint(4) UNSIGNED NOT NULL AUTO_INCREMENT, AUTO_INCREMENT=3;

--
-- AUTO_INCREMENT untuk tabel `slides_lists`
--
ALTER TABLE `slides_lists`
  MODIFY `id` mediumint(8) UNSIGNED NOT NULL AUTO_INCREMENT, AUTO_INCREMENT=5;

--
-- AUTO_INCREMENT untuk tabel `slide_groups`
--
ALTER TABLE `slide_groups`
  MODIFY `id` smallint(4) UNSIGNED NOT NULL AUTO_INCREMENT, AUTO_INCREMENT=2;

--
-- AUTO_INCREMENT untuk tabel `slide_lists`
--
ALTER TABLE `slide_lists`
  MODIFY `id` mediumint(8) UNSIGNED NOT NULL AUTO_INCREMENT, AUTO_INCREMENT=4;

--
-- AUTO_INCREMENT untuk tabel `submenu`
--
ALTER TABLE `submenu`
  MODIFY `id_sub` int(5) NOT NULL AUTO_INCREMENT, AUTO_INCREMENT=42;

--
-- AUTO_INCREMENT untuk tabel `tag`
--
ALTER TABLE `tag`
  MODIFY `id_tag` int(5) NOT NULL AUTO_INCREMENT, AUTO_INCREMENT=23;

--
-- AUTO_INCREMENT untuk tabel `tagmap`
--
ALTER TABLE `tagmap`
  MODIFY `id_tagmap` int(5) NOT NULL AUTO_INCREMENT, AUTO_INCREMENT=2;

--
-- AUTO_INCREMENT untuk tabel `tags`
--
ALTER TABLE `tags`
  MODIFY `tags_id` int(5) NOT NULL AUTO_INCREMENT, AUTO_INCREMENT=2;

--
-- AUTO_INCREMENT untuk tabel `templates`
--
ALTER TABLE `templates`
  MODIFY `id_templates` int(5) NOT NULL AUTO_INCREMENT, AUTO_INCREMENT=20;

--
-- AUTO_INCREMENT untuk tabel `users`
--
ALTER TABLE `users`
  MODIFY `id` int(11) UNSIGNED NOT NULL AUTO_INCREMENT, AUTO_INCREMENT=4;

--
-- AUTO_INCREMENT untuk tabel `users_groups`
--
ALTER TABLE `users_groups`
  MODIFY `id` int(11) UNSIGNED NOT NULL AUTO_INCREMENT, AUTO_INCREMENT=25;

--
-- Ketidakleluasaan untuk tabel pelimpahan (Dumped Tables)
--

--
-- Ketidakleluasaan untuk tabel `users_groups`
--
ALTER TABLE `users_groups`
  ADD CONSTRAINT `fk_users_groups_groups1` FOREIGN KEY (`group_id`) REFERENCES `groups` (`id`) ON DELETE CASCADE ON UPDATE NO ACTION,
  ADD CONSTRAINT `fk_users_groups_users1` FOREIGN KEY (`user_id`) REFERENCES `users` (`id`) ON DELETE CASCADE ON UPDATE NO ACTION;
COMMIT;

/*!40101 SET CHARACTER_SET_CLIENT=@OLD_CHARACTER_SET_CLIENT */;
/*!40101 SET CHARACTER_SET_RESULTS=@OLD_CHARACTER_SET_RESULTS */;
/*!40101 SET COLLATION_CONNECTION=@OLD_COLLATION_CONNECTION */;
